date,code,foreign_net_value,inst_net_value,indiv_net_value,updated_at
2026-02-09,000020,-1.0,-69.0,37.0,2026-02-09T01:40:40.382910
2026-02-09,000040,-1.0,0.0,1.0,2026-02-09T01:40:45.029058
2026-02-09,000050,-376.0,123.0,274.0,2026-02-09T01:40:49.721983
2026-02-09,000070,-153.0,-91.0,240.0,2026-02-09T01:13:06.313005
2026-02-09,000080,233.0,151.0,-447.0,2026-02-09T01:13:11.160889
2026-02-09,000087,-2.0,0.0,2.0,2026-02-09T01:13:16.009503
2026-02-09,000100,-4306.0,245.0,3985.0,2026-02-09T01:13:20.576215
2026-02-09,000105,-140.0,71.0,85.0,2026-02-09T01:13:25.087633
2026-02-09,000120,-4607.0,4494.0,-64.0,2026-02-09T01:13:29.584785
2026-02-09,000140,-104.0,8.0,65.0,2026-02-09T01:13:34.430053
2026-02-09,000145,0.0,0.0,0.0,2026-02-09T01:13:39.188694
2026-02-09,000150,-24663.0,-3567.0,26799.0,2026-02-09T01:13:43.669241
2026-02-09,000155,903.0,-626.0,-449.0,2026-02-09T01:13:48.358773
2026-02-09,000157,-85.0,0.0,94.0,2026-02-09T01:13:53.006997
2026-02-09,000180,32.0,-35.0,4.0,2026-02-09T01:13:57.857185
2026-02-09,0001A0,-2962.0,-39.0,3147.0,2026-02-09T01:14:02.599948
2026-02-09,000210,-2077.0,84.0,1969.0,2026-02-09T01:14:07.298338
2026-02-09,000215,-12.0,0.0,-37.0,2026-02-09T01:14:12.285586
2026-02-09,000220,-45.0,0.0,43.0,2026-02-09T01:14:16.889212
2026-02-09,000225,-3.0,0.0,-3.0,2026-02-09T01:14:21.687142
2026-02-09,000227,0.0,0.0,-1.0,2026-02-09T01:14:26.765277
2026-02-09,000230,43.0,0.0,-43.0,2026-02-09T01:14:31.338056
2026-02-09,000240,-958.0,257.0,689.0,2026-02-09T01:14:36.342873
2026-02-09,000250,13681.0,-14192.0,310.0,2026-02-09T01:14:41.096493
2026-02-09,000270,7458.0,-15353.0,7905.0,2026-02-09T01:14:45.865865
2026-02-09,000300,0.0,0.0,0.0,2026-02-09T01:14:50.562213
2026-02-09,000320,-227.0,-328.0,553.0,2026-02-09T01:14:56.688685
2026-02-09,000325,0.0,0.0,0.0,2026-02-09T01:15:01.256059
2026-02-09,000370,-162.0,120.0,94.0,2026-02-09T01:15:06.428962
2026-02-09,000390,-156.0,-40.0,198.0,2026-02-09T01:15:11.659479
2026-02-09,000400,21.0,-29.0,7.0,2026-02-09T01:15:16.519986
2026-02-09,000430,-82.0,-56.0,137.0,2026-02-09T01:15:21.588088
2026-02-09,000440,-125.0,0.0,126.0,2026-02-09T01:15:26.434211
2026-02-09,000480,-1.0,-10.0,11.0,2026-02-09T01:15:31.575271
2026-02-09,000490,-4129.0,101.0,4149.0,2026-02-09T01:15:36.399965
2026-02-09,0004V0,89.0,-1114.0,1028.0,2026-02-09T01:15:41.067283
2026-02-09,0004Y0,0.0,0.0,0.0,2026-02-09T01:15:45.838113
2026-02-09,000500,-1707.0,1055.0,686.0,2026-02-09T01:15:50.795715
2026-02-09,000520,-1606.0,107.0,1052.0,2026-02-09T01:15:55.336123
2026-02-09,000540,-133.0,-11.0,143.0,2026-02-09T01:16:00.153038
2026-02-09,000545,0.0,0.0,0.0,2026-02-09T01:16:04.959041
2026-02-09,000590,-10.0,0.0,5.0,2026-02-09T01:16:09.835543
2026-02-09,000640,-375.0,-159.0,367.0,2026-02-09T01:16:14.583096
2026-02-09,000650,365.0,-2.0,-372.0,2026-02-09T01:16:19.309421
2026-02-09,000660,-962341.0,345865.0,604987.0,2026-02-09T01:16:24.192026
2026-02-09,000670,220.0,-514.0,248.0,2026-02-09T01:16:28.808161
2026-02-09,000680,-285.0,-12.0,295.0,2026-02-09T01:16:33.460364
2026-02-09,000700,-5.0,0.0,5.0,2026-02-09T01:16:38.255106
2026-02-09,000720,-6778.0,1402.0,5932.0,2026-02-09T01:16:42.782848
2026-02-09,000725,-87.0,38.0,49.0,2026-02-09T01:16:47.348179
2026-02-09,000760,58.0,0.0,-58.0,2026-02-09T01:16:52.110298
2026-02-09,0007C0,2261.0,260.0,-2662.0,2026-02-09T01:16:56.462067
2026-02-09,000810,4350.0,769.0,-5025.0,2026-02-09T01:17:01.172148
2026-02-09,000815,-983.0,1895.0,-923.0,2026-02-09T01:17:06.109297
2026-02-09,000850,121.0,-48.0,-78.0,2026-02-09T01:17:11.150765
2026-02-09,000860,-298.0,17.0,278.0,2026-02-09T01:17:15.891427
2026-02-09,000880,-2058.0,1328.0,1218.0,2026-02-09T01:17:20.334610
2026-02-09,00088K,329.0,-1101.0,773.0,2026-02-09T01:17:24.891647
2026-02-09,000890,-15.0,0.0,15.0,2026-02-09T01:17:29.404385
2026-02-09,0008Z0,-458.0,-49.0,191.0,2026-02-09T01:17:34.068728
2026-02-09,000910,80.0,0.0,-80.0,2026-02-09T01:17:38.517761
2026-02-09,000950,-5.0,1.0,4.0,2026-02-09T01:17:43.109669
2026-02-09,000970,28.0,0.0,-28.0,2026-02-09T01:17:47.892114
2026-02-09,000990,-6734.0,13067.0,-6162.0,2026-02-09T01:17:52.438635
2026-02-09,0009K0,-5108.0,227.0,4846.0,2026-02-09T01:17:58.545570
2026-02-09,001000,518.0,0.0,-514.0,2026-02-09T01:18:03.564032
2026-02-09,001020,3.0,-8.0,5.0,2026-02-09T01:18:08.278936
2026-02-09,001040,-1761.0,3285.0,-1898.0,2026-02-09T01:18:13.306643
2026-02-09,001045,-168.0,61.0,110.0,2026-02-09T01:18:18.169445
2026-02-09,00104K,-336.0,581.0,-248.0,2026-02-09T01:18:24.385612
2026-02-09,001060,-504.0,446.0,-2.0,2026-02-09T01:18:29.058751
2026-02-09,001065,0.0,0.0,0.0,2026-02-09T01:18:33.775410
2026-02-09,001067,0.0,0.0,0.0,2026-02-09T01:18:38.708346
2026-02-09,001070,26.0,4.0,-37.0,2026-02-09T01:18:43.229401
2026-02-09,001080,91.0,-1.0,-30.0,2026-02-09T01:18:47.777934
2026-02-09,0010V0,-196.0,67.0,129.0,2026-02-09T01:18:52.405224
2026-02-09,001120,-1602.0,2442.0,-804.0,2026-02-09T01:18:56.966094
2026-02-09,001130,-10.0,13.0,-4.0,2026-02-09T01:19:01.959093
2026-02-09,001200,-270.0,-22.0,421.0,2026-02-09T01:19:06.911589
2026-02-09,001210,169.0,4.0,-173.0,2026-02-09T01:19:12.200872
2026-02-09,001230,-21.0,-14.0,35.0,2026-02-09T01:19:16.768851
2026-02-09,001250,-173.0,-44.0,216.0,2026-02-09T01:19:21.513934
2026-02-09,001260,63.0,0.0,-95.0,2026-02-09T01:19:26.360059
2026-02-09,001270,-30.0,-3.0,5.0,2026-02-09T01:19:31.108027
2026-02-09,001275,0.0,0.0,0.0,2026-02-09T01:19:35.977216
2026-02-09,001290,58.0,0.0,-58.0,2026-02-09T01:19:40.612536
2026-02-09,001340,-697.0,9.0,740.0,2026-02-09T01:19:44.940686
2026-02-09,001360,340.0,0.0,-351.0,2026-02-09T01:19:49.432639
2026-02-09,001380,-50.0,0.0,52.0,2026-02-09T01:19:54.035586
2026-02-09,001390,142.0,86.0,-216.0,2026-02-09T01:19:58.867106
2026-02-09,0013V0,-46.0,3.0,46.0,2026-02-09T01:20:04.203610
2026-02-09,001420,2.0,4.0,-7.0,2026-02-09T01:20:08.927751
2026-02-09,001430,-119.0,1605.0,-2140.0,2026-02-09T01:20:13.677421
2026-02-09,001440,-27531.0,-3557.0,30950.0,2026-02-09T01:20:18.529172
2026-02-09,001450,-1371.0,234.0,883.0,2026-02-09T01:20:23.569553
2026-02-09,001460,-258.0,-472.0,706.0,2026-02-09T01:20:28.141133
2026-02-09,001465,18.0,5.0,-23.0,2026-02-09T01:20:32.635754
2026-02-09,001470,0.0,0.0,0.0,2026-02-09T01:20:37.305545
2026-02-09,001500,-3.0,-25.0,-78.0,2026-02-09T01:20:42.358945
2026-02-09,001510,-19.0,-95.0,120.0,2026-02-09T01:20:46.917289
2026-02-09,001515,0.0,0.0,0.0,2026-02-09T01:20:51.744600
2026-02-09,001520,291.0,-20.0,-254.0,2026-02-09T01:20:56.307926
2026-02-09,001525,0.0,0.0,0.0,2026-02-09T01:21:01.066070
2026-02-09,001527,0.0,0.0,-1.0,2026-02-09T01:21:06.140623
2026-02-09,001530,-265.0,-10.0,-189.0,2026-02-09T01:21:11.013349
2026-02-09,001540,-11.0,-3.0,14.0,2026-02-09T01:21:15.764254
2026-02-09,001550,-62.0,-13.0,61.0,2026-02-09T01:21:20.406157
2026-02-09,001560,0.0,2.0,-4.0,2026-02-09T01:21:24.948331
2026-02-09,001570,0.0,0.0,0.0,2026-02-09T01:21:29.513787
2026-02-09,0015G0,183.0,-105.0,-212.0,2026-02-09T01:21:34.439487
2026-02-09,0015N0,-1086.0,142.0,903.0,2026-02-09T01:21:39.315259
2026-02-09,0015S0,161.0,-11.0,-119.0,2026-02-09T01:21:44.275056
2026-02-09,001620,-30.0,24.0,7.0,2026-02-09T01:21:48.962360
2026-02-09,001630,-87.0,-29.0,108.0,2026-02-09T01:21:53.479216
2026-02-09,001680,763.0,-401.0,-366.0,2026-02-09T01:21:57.985724
2026-02-09,001685,-3.0,0.0,-4.0,2026-02-09T01:22:02.919269
2026-02-09,001720,-929.0,563.0,369.0,2026-02-09T01:22:07.601426
2026-02-09,001740,1322.0,-141.0,-1163.0,2026-02-09T01:22:12.271171
2026-02-09,001750,-13.0,-28.0,40.0,2026-02-09T01:22:17.253001
2026-02-09,001755,-1.0,0.0,1.0,2026-02-09T01:22:21.487355
2026-02-09,001770,-1.0,-9.0,10.0,2026-02-09T01:22:26.247916
2026-02-09,001780,197.0,-47.0,-147.0,2026-02-09T01:22:31.003750
2026-02-09,001790,42.0,-2.0,-39.0,2026-02-09T01:22:35.770469
2026-02-09,001795,-12.0,0.0,12.0,2026-02-09T01:22:40.488296
2026-02-09,001800,-1086.0,343.0,720.0,2026-02-09T01:22:45.172171
2026-02-09,001810,0.0,0.0,0.0,2026-02-09T01:22:49.901887
2026-02-09,001820,-338.0,-24.0,361.0,2026-02-09T01:22:54.636730
2026-02-09,001840,0.0,0.0,0.0,2026-02-09T01:22:59.369286
2026-02-09,001940,-166.0,87.0,76.0,2026-02-09T01:23:03.848394
2026-02-09,002020,1798.0,-1378.0,-411.0,2026-02-09T01:23:08.676312
2026-02-09,002025,15.0,0.0,-24.0,2026-02-09T01:23:13.119756
2026-02-09,002030,-149.0,-76.0,40.0,2026-02-09T01:23:17.515128
2026-02-09,002070,86.0,0.0,-78.0,2026-02-09T01:23:21.998892
2026-02-09,002100,368.0,-1.0,-308.0,2026-02-09T01:23:28.157771
2026-02-09,002140,-12.0,0.0,12.0,2026-02-09T01:23:32.916562
2026-02-09,002150,48.0,-46.0,19.0,2026-02-09T01:23:37.342480
2026-02-09,002170,98.0,-51.0,-47.0,2026-02-09T01:23:42.461005
2026-02-09,002200,3.0,92.0,-84.0,2026-02-09T01:23:47.114305
2026-02-09,002210,0.0,0.0,0.0,2026-02-09T01:23:51.883152
2026-02-09,002220,-123.0,0.0,123.0,2026-02-09T01:23:56.599410
2026-02-09,002230,-96.0,-38.0,132.0,2026-02-09T01:24:01.011903
2026-02-09,002240,-27.0,-18.0,38.0,2026-02-09T01:24:05.956005
2026-02-09,002290,-33.0,7.0,25.0,2026-02-09T01:24:10.906293
2026-02-09,002310,-134.0,50.0,-27.0,2026-02-09T01:24:15.827312
2026-02-09,002320,-121.0,1.0,119.0,2026-02-09T01:24:20.565528
2026-02-09,002350,229.0,652.0,-872.0,2026-02-09T01:24:25.268771
2026-02-09,002355,0.0,26.0,-46.0,2026-02-09T01:24:29.987048
2026-02-09,002360,-13.0,0.0,13.0,2026-02-09T01:24:35.002281
2026-02-09,002380,1981.0,-1658.0,-13.0,2026-02-09T01:24:39.517751
2026-02-09,002390,-13.0,16.0,-3.0,2026-02-09T01:24:44.024881
2026-02-09,002410,0.0,0.0,0.0,2026-02-09T01:24:48.484176
2026-02-09,002420,33.0,-8.0,-21.0,2026-02-09T01:24:52.692088
2026-02-09,002450,9.0,-1.0,-9.0,2026-02-09T01:24:57.168963
2026-02-09,002460,-10.0,23.0,-14.0,2026-02-09T01:25:01.979265
2026-02-09,002600,-2.0,0.0,2.0,2026-02-09T01:25:06.561758
2026-02-09,002630,-45.0,0.0,45.0,2026-02-09T01:25:17.265464
2026-02-09,002680,0.0,0.0,0.0,2026-02-09T01:25:22.025176
2026-02-09,002690,-2.0,0.0,2.0,2026-02-09T01:25:26.513629
2026-02-09,002700,12.0,0.0,-12.0,2026-02-09T01:25:30.945738
2026-02-09,002710,350.0,-3.0,-350.0,2026-02-09T01:25:35.697917
2026-02-09,002720,-192.0,1.0,191.0,2026-02-09T01:25:40.387702
2026-02-09,002760,-444.0,0.0,437.0,2026-02-09T01:25:44.986971
2026-02-09,002780,116.0,-29.0,-85.0,2026-02-09T01:25:49.788745
2026-02-09,002785,0.0,0.0,0.0,2026-02-09T01:25:54.185302
2026-02-09,002787,0.0,0.0,0.0,2026-02-09T01:25:58.691613
2026-02-09,002790,-435.0,1207.0,-775.0,2026-02-09T01:26:03.632722
2026-02-09,002795,56.0,-42.0,-16.0,2026-02-09T01:26:08.448049
2026-02-09,00279K,-5.0,14.0,-10.0,2026-02-09T01:26:13.161300
2026-02-09,002800,-13.0,0.0,13.0,2026-02-09T01:26:17.721429
2026-02-09,002810,-81.0,-8.0,88.0,2026-02-09T01:26:22.342657
2026-02-09,002820,1.0,1.0,-2.0,2026-02-09T01:26:26.927679
2026-02-09,002840,191.0,128.0,-415.0,2026-02-09T01:26:31.443739
2026-02-09,002870,67.0,0.0,-72.0,2026-02-09T01:26:35.972113
2026-02-09,002880,-19.0,-1.0,21.0,2026-02-09T01:26:40.528768
2026-02-09,002900,950.0,-18.0,-1126.0,2026-02-09T01:26:45.239126
2026-02-09,002920,5.0,0.0,-5.0,2026-02-09T01:26:49.752446
2026-02-09,002960,6.0,68.0,-63.0,2026-02-09T01:26:54.133979
2026-02-09,002990,-18.0,66.0,-129.0,2026-02-09T01:26:58.622045
2026-02-09,002995,0.0,0.0,0.0,2026-02-09T01:27:03.571607
2026-02-09,003000,210.0,-6.0,-204.0,2026-02-09T01:27:08.449484
2026-02-09,003010,104.0,63.0,-169.0,2026-02-09T01:27:13.240431
2026-02-09,003060,-5.0,5.0,0.0,2026-02-09T01:27:22.515620
2026-02-09,003070,113.0,-8.0,-105.0,2026-02-09T01:27:27.110573
2026-02-09,003075,0.0,0.0,0.0,2026-02-09T01:27:31.705238
2026-02-09,003080,13.0,-16.0,-1.0,2026-02-09T01:27:36.298125
2026-02-09,003090,-241.0,367.0,-143.0,2026-02-09T01:27:40.506898
2026-02-09,0030R0,-40.0,41.0,-1.0,2026-02-09T01:27:45.102405
2026-02-09,003100,106.0,2.0,22.0,2026-02-09T01:27:49.634759
2026-02-09,003120,-10.0,-11.0,22.0,2026-02-09T01:27:53.913965
2026-02-09,003160,1862.0,-2680.0,969.0,2026-02-09T01:27:58.555672
2026-02-09,003200,-507.0,46.0,452.0,2026-02-09T01:28:03.447611
2026-02-09,003220,29.0,-10.0,-19.0,2026-02-09T01:28:08.278905
2026-02-09,003230,7846.0,3858.0,-11069.0,2026-02-09T01:28:12.842449
2026-02-09,003240,-457.0,504.0,-26.0,2026-02-09T01:28:17.298862
2026-02-09,003280,-312.0,326.0,-1.0,2026-02-09T01:28:22.190067
2026-02-09,003300,-326.0,404.0,-78.0,2026-02-09T01:28:26.820545
2026-02-09,003350,-215.0,-10.0,225.0,2026-02-09T01:28:35.770955
2026-02-09,003380,-2449.0,-2301.0,3911.0,2026-02-09T01:28:40.437539
2026-02-09,003460,-38.0,0.0,66.0,2026-02-09T01:28:45.340615
2026-02-09,003465,0.0,0.0,0.0,2026-02-09T01:28:49.632505
2026-02-09,003470,-8.0,-90.0,203.0,2026-02-09T01:28:54.117984
2026-02-09,003475,15.0,13.0,-48.0,2026-02-09T01:28:58.735882
2026-02-09,003480,-65.0,0.0,65.0,2026-02-09T01:29:03.600743
2026-02-09,003490,-11890.0,-4767.0,16804.0,2026-02-09T01:29:08.415211
2026-02-09,003495,4.0,0.0,-7.0,2026-02-09T01:29:12.842048
2026-02-09,003520,-66.0,-6.0,91.0,2026-02-09T01:29:17.734854
2026-02-09,003530,1137.0,-1314.0,802.0,2026-02-09T01:29:22.506063
2026-02-09,003535,30.0,0.0,-28.0,2026-02-09T01:29:27.270602
2026-02-09,003540,-818.0,-122.0,940.0,2026-02-09T01:29:31.611220
2026-02-09,003545,3.0,10.0,-30.0,2026-02-09T01:29:36.381771
2026-02-09,003547,-112.0,0.0,126.0,2026-02-09T01:29:40.587890
2026-02-09,003550,-3564.0,1431.0,2092.0,2026-02-09T01:29:44.930750
2026-02-09,003555,-183.0,-56.0,118.0,2026-02-09T01:29:49.293607
2026-02-09,003570,-308.0,-242.0,527.0,2026-02-09T01:29:53.650471
2026-02-09,003580,58.0,24.0,-111.0,2026-02-09T01:29:58.205148
2026-02-09,003620,-1209.0,-59.0,1264.0,2026-02-09T01:30:09.965978
2026-02-09,003650,-61.0,-40.0,86.0,2026-02-09T01:30:14.751716
2026-02-09,003670,-21603.0,13469.0,8134.0,2026-02-09T01:30:19.724928
2026-02-09,003680,-70.0,0.0,70.0,2026-02-09T01:30:24.361971
2026-02-09,003690,-443.0,1594.0,-555.0,2026-02-09T01:30:29.519462
2026-02-09,003780,-16.0,0.0,16.0,2026-02-09T01:30:39.314937
2026-02-09,0037T0,0.0,20.0,-20.0,2026-02-09T01:30:43.786013
2026-02-09,003800,113.0,0.0,102.0,2026-02-09T01:30:48.369872
2026-02-09,003830,1.0,2.0,-3.0,2026-02-09T01:30:52.683354
2026-02-09,003920,-68.0,-16.0,84.0,2026-02-09T01:31:02.451606
2026-02-09,003925,-18.0,0.0,11.0,2026-02-09T01:31:07.665956
2026-02-09,003960,-46.0,-8.0,49.0,2026-02-09T01:31:12.921463
2026-02-09,004000,-4637.0,-1060.0,5620.0,2026-02-09T01:31:17.860449
2026-02-09,004020,2303.0,842.0,-3412.0,2026-02-09T01:31:22.586965
2026-02-09,004060,-266.0,-556.0,822.0,2026-02-09T01:31:29.155780
2026-02-09,004080,-26.0,-22.0,48.0,2026-02-09T01:31:33.982834
2026-02-09,004090,-489.0,-42.0,554.0,2026-02-09T01:31:38.755036
2026-02-09,004100,100.0,0.0,-101.0,2026-02-09T01:31:43.588362
2026-02-09,004105,19.0,0.0,-19.0,2026-02-09T01:31:47.988166
2026-02-09,004140,-89.0,0.0,88.0,2026-02-09T01:31:52.692739
2026-02-09,004150,65.0,4.0,-109.0,2026-02-09T01:31:57.346680
2026-02-09,004170,-6318.0,5296.0,1192.0,2026-02-09T01:32:02.228133
2026-02-09,0041B0,0.0,0.0,0.0,2026-02-09T01:32:07.322681
2026-02-09,0041J0,0.0,0.0,0.0,2026-02-09T01:32:11.979838
2026-02-09,0041L0,0.0,0.0,0.0,2026-02-09T01:32:16.734449
2026-02-09,004250,-5.0,-10.0,15.0,2026-02-09T01:32:21.428131
2026-02-09,004255,0.0,0.0,0.0,2026-02-09T01:32:26.052354
2026-02-09,004270,-3.0,0.0,3.0,2026-02-09T01:32:30.934310
2026-02-09,004310,-1813.0,-10.0,1848.0,2026-02-09T01:32:35.613079
2026-02-09,004360,129.0,-201.0,91.0,2026-02-09T01:32:40.102366
2026-02-09,004365,-11.0,0.0,-2.0,2026-02-09T01:32:44.984727
2026-02-09,004370,2018.0,522.0,-2431.0,2026-02-09T01:32:49.622614
2026-02-09,004380,0.0,0.0,0.0,2026-02-09T01:32:54.010645
2026-02-09,004410,-314.0,0.0,314.0,2026-02-09T01:32:58.729353
2026-02-09,004415,0.0,0.0,0.0,2026-02-09T01:33:03.677451
2026-02-09,004430,-12.0,-7.0,17.0,2026-02-09T01:33:09.308626
2026-02-09,004440,68.0,0.0,-68.0,2026-02-09T01:33:14.294294
2026-02-09,004450,0.0,0.0,0.0,2026-02-09T01:33:18.999263
2026-02-09,004490,-879.0,55.0,778.0,2026-02-09T01:33:23.487994
2026-02-09,0044K0,-2.0,18.0,-16.0,2026-02-09T01:33:28.484026
2026-02-09,004540,-1.0,-4.0,5.0,2026-02-09T01:33:33.425175
2026-02-09,004545,0.0,0.0,0.0,2026-02-09T01:33:38.438161
2026-02-09,004560,1579.0,35.0,-1572.0,2026-02-09T01:33:43.338097
2026-02-09,004590,75.0,1.0,-77.0,2026-02-09T01:33:47.859130
2026-02-09,004650,42.0,7.0,-48.0,2026-02-09T01:33:52.556032
2026-02-09,004690,-498.0,-7.0,379.0,2026-02-09T01:33:57.099172
2026-02-09,004700,-11.0,24.0,-56.0,2026-02-09T01:34:01.787934
2026-02-09,004710,-240.0,-25.0,257.0,2026-02-09T01:34:06.710181
2026-02-09,004720,-47.0,0.0,48.0,2026-02-09T01:34:11.378213
2026-02-09,004770,-2.0,0.0,0.0,2026-02-09T01:34:16.444372
2026-02-09,004780,5.0,0.0,55.0,2026-02-09T01:34:21.079089
2026-02-09,004800,271.0,-3.0,-234.0,2026-02-09T01:34:25.761275
2026-02-09,004830,-33.0,0.0,31.0,2026-02-09T01:34:30.404414
2026-02-09,004840,15.0,-172.0,157.0,2026-02-09T01:34:39.998663
2026-02-09,004870,6.0,0.0,-6.0,2026-02-09T01:34:44.428016
2026-02-09,004890,-5.0,-4.0,-55.0,2026-02-09T01:34:49.220891
2026-02-09,004910,-14.0,-45.0,59.0,2026-02-09T01:34:54.325781
2026-02-09,004920,-24.0,0.0,23.0,2026-02-09T01:34:58.919585
2026-02-09,004960,-163.0,-151.0,318.0,2026-02-09T01:35:03.939961
2026-02-09,004970,14.0,2.0,-50.0,2026-02-09T01:07:58.484646
2026-02-09,004980,138.0,-12.0,-126.0,2026-02-09T01:08:03.347067
2026-02-09,004985,-6.0,0.0,6.0,2026-02-09T01:08:08.077540
2026-02-09,004990,16.0,658.0,-665.0,2026-02-09T01:08:12.992998
2026-02-09,00499K,-2.0,0.0,1.0,2026-02-09T01:08:17.550140
2026-02-09,005010,-165.0,-11.0,144.0,2026-02-09T01:08:22.234552
2026-02-09,005030,0.0,0.0,0.0,2026-02-09T01:08:27.064723
2026-02-09,005070,-1086.0,-453.0,1450.0,2026-02-09T01:08:31.590529
2026-02-09,005090,-510.0,1475.0,-958.0,2026-02-09T01:08:36.367614
2026-02-09,005110,0.0,0.0,0.0,2026-02-09T01:08:41.241482
2026-02-09,005160,15.0,-7.0,-8.0,2026-02-09T01:08:45.920591
2026-02-09,005180,499.0,438.0,-938.0,2026-02-09T01:08:51.017054
2026-02-09,005250,-191.0,-20.0,208.0,2026-02-09T01:08:55.608156
2026-02-09,005257,0.0,0.0,2.0,2026-02-09T01:09:00.215234
2026-02-09,005290,-1637.0,3555.0,-1954.0,2026-02-09T01:09:05.005708
2026-02-09,005300,-42.0,389.0,-356.0,2026-02-09T01:09:09.567346
2026-02-09,005305,-1.0,-1.0,-1.0,2026-02-09T01:09:14.505593
2026-02-09,005320,-10.0,0.0,10.0,2026-02-09T01:09:18.978274
2026-02-09,005360,-2.0,0.0,-3.0,2026-02-09T01:09:23.403551
2026-02-09,005380,-140000.0,-16362.0,139657.0,2026-02-09T01:09:28.046184
2026-02-09,005385,3616.0,-675.0,-4765.0,2026-02-09T01:09:32.651489
2026-02-09,005387,-5550.0,-8940.0,11875.0,2026-02-09T01:09:37.214015
2026-02-09,005389,332.0,-454.0,-201.0,2026-02-09T01:09:41.835188
2026-02-09,005420,-156.0,-146.0,340.0,2026-02-09T01:09:46.171848
2026-02-09,005430,1.0,-10.0,30.0,2026-02-09T01:09:50.830652
2026-02-09,005440,-168.0,406.0,-208.0,2026-02-09T01:09:55.274911
2026-02-09,005490,-31830.0,16454.0,15333.0,2026-02-09T01:09:59.651800
2026-02-09,0054V0,-4.0,21.0,-17.0,2026-02-09T01:10:04.648302
2026-02-09,005500,-146.0,-10.0,155.0,2026-02-09T01:10:09.359285
2026-02-09,005610,-40.0,-442.0,478.0,2026-02-09T01:10:14.133404
2026-02-09,005670,-86.0,0.0,85.0,2026-02-09T01:10:18.725649
2026-02-09,005680,164.0,44.0,-206.0,2026-02-09T01:10:23.554163
2026-02-09,005690,727.0,-340.0,-386.0,2026-02-09T01:10:28.290857
2026-02-09,005710,-127.0,-58.0,84.0,2026-02-09T01:10:33.134273
2026-02-09,005720,-57.0,-1.0,24.0,2026-02-09T01:10:37.839454
2026-02-09,005725,0.0,0.0,0.0,2026-02-09T01:10:42.403255
2026-02-09,005740,-67.0,0.0,67.0,2026-02-09T01:10:47.340480
2026-02-09,005745,0.0,0.0,0.0,2026-02-09T01:10:51.630630
2026-02-09,005750,-207.0,-13.0,221.0,2026-02-09T01:10:56.432106
2026-02-09,005800,70.0,-21.0,-45.0,2026-02-09T01:11:01.284004
2026-02-09,005810,-124.0,-3.0,-50.0,2026-02-09T01:11:05.953130
2026-02-09,005820,1.0,1.0,-2.0,2026-02-09T01:11:10.914116
2026-02-09,005830,-5711.0,3838.0,1749.0,2026-02-09T01:11:15.637373
2026-02-09,005850,2406.0,-1280.0,-1024.0,2026-02-09T01:11:20.386005
2026-02-09,005860,-273.0,0.0,273.0,2026-02-09T01:11:25.051479
2026-02-09,005870,112.0,0.0,-112.0,2026-02-09T01:11:30.011692
2026-02-09,005880,-2048.0,-16.0,2001.0,2026-02-09T01:11:35.043318
2026-02-09,005930,-889137.0,197646.0,515283.0,2026-02-09T01:11:39.584127
2026-02-09,005935,-24812.0,13548.0,8994.0,2026-02-09T01:11:44.501582
2026-02-09,005940,-3671.0,1723.0,1367.0,2026-02-09T01:11:49.072991
2026-02-09,005950,-272.0,-8.0,279.0,2026-02-09T01:11:54.587657
2026-02-09,005960,-66.0,20.0,46.0,2026-02-09T01:11:58.984034
2026-02-09,005965,0.0,0.0,0.0,2026-02-09T01:12:03.909898
2026-02-09,005990,-1.0,0.0,1.0,2026-02-09T01:12:09.082041
2026-02-09,006040,-30.0,-459.0,466.0,2026-02-09T01:12:13.964202
2026-02-09,006060,-102.0,-39.0,120.0,2026-02-09T01:12:20.711651
2026-02-09,006090,-6.0,0.0,-135.0,2026-02-09T01:12:25.582954
2026-02-09,006110,-111.0,-145.0,259.0,2026-02-09T01:12:30.467031
2026-02-09,006120,-239.0,-121.0,883.0,2026-02-09T01:12:35.070793
2026-02-09,006125,-3.0,0.0,2.0,2026-02-09T01:12:39.639663
2026-02-09,006140,204.0,142.0,-348.0,2026-02-09T01:12:44.312613
2026-02-09,006200,12.0,1.0,-19.0,2026-02-09T01:12:49.701458
2026-02-09,006220,1576.0,92.0,-1670.0,2026-02-09T01:12:54.192055
2026-02-09,006260,-6143.0,-87.0,5777.0,2026-02-09T01:12:58.930467
2026-02-09,006280,-1076.0,203.0,908.0,2026-02-09T01:13:03.916388
2026-02-09,006340,-1798.0,112.0,1646.0,2026-02-09T01:13:08.815397
2026-02-09,006345,-3.0,0.0,3.0,2026-02-09T01:13:13.460885
2026-02-09,006370,-30.0,0.0,30.0,2026-02-09T01:13:20.268797
2026-02-09,006380,0.0,0.0,0.0,2026-02-09T01:13:24.592566
2026-02-09,006400,-26458.0,-27799.0,54328.0,2026-02-09T01:13:29.510090
2026-02-09,006405,-720.0,91.0,593.0,2026-02-09T01:13:34.251334
2026-02-09,006490,-28.0,0.0,28.0,2026-02-09T01:13:38.876984
2026-02-09,006570,-2.0,0.0,2.0,2026-02-09T01:13:43.482042
2026-02-09,006620,-330.0,53.0,277.0,2026-02-09T01:13:47.981354
2026-02-09,006650,-1003.0,1161.0,-181.0,2026-02-09T01:13:52.893568
2026-02-09,006660,-237.0,0.0,241.0,2026-02-09T01:13:57.569681
2026-02-09,006730,-1272.0,3122.0,-2038.0,2026-02-09T01:14:02.222677
2026-02-09,006740,21.0,0.0,-21.0,2026-02-09T01:14:07.253346
2026-02-09,006800,-9362.0,-6485.0,14206.0,2026-02-09T01:14:11.990086
2026-02-09,006805,146.0,11.0,-8.0,2026-02-09T01:14:16.864909
2026-02-09,00680K,2045.0,-2165.0,48.0,2026-02-09T01:14:22.950227
2026-02-09,006840,0.0,-7.0,7.0,2026-02-09T01:14:27.823698
2026-02-09,006880,7.0,0.0,9.0,2026-02-09T01:14:32.450985
2026-02-09,006890,-24.0,3.0,20.0,2026-02-09T01:14:36.967435
2026-02-09,0068Y0,0.0,20.0,-20.0,2026-02-09T01:14:41.637842
2026-02-09,006910,128.0,0.0,-119.0,2026-02-09T01:14:46.499495
2026-02-09,006920,70.0,0.0,-71.0,2026-02-09T01:14:51.147841
2026-02-09,006980,16.0,-28.0,-41.0,2026-02-09T01:14:55.716076
2026-02-09,007070,-581.0,1004.0,-426.0,2026-02-09T01:15:00.506752
2026-02-09,007110,-111.0,-1.0,89.0,2026-02-09T01:15:05.508083
2026-02-09,007120,31.0,0.0,-32.0,2026-02-09T01:15:11.003969
2026-02-09,007160,-327.0,-7.0,301.0,2026-02-09T01:15:15.517329
2026-02-09,0071M0,0.0,10.0,-11.0,2026-02-09T01:15:20.224139
2026-02-09,007210,50.0,-2.0,-48.0,2026-02-09T01:15:24.896228
2026-02-09,007280,2.0,0.0,-2.0,2026-02-09T01:15:29.758483
2026-02-09,0072Z0,0.0,10.0,-10.0,2026-02-09T01:15:34.612349
2026-02-09,007310,-59.0,402.0,-324.0,2026-02-09T01:15:39.538871
2026-02-09,007330,189.0,0.0,-144.0,2026-02-09T01:15:44.031408
2026-02-09,007340,-662.0,1217.0,-548.0,2026-02-09T01:15:48.986027
2026-02-09,007370,-19.0,0.0,18.0,2026-02-09T01:15:53.540207
2026-02-09,007390,378.0,-341.0,-41.0,2026-02-09T01:15:58.220542
2026-02-09,007460,-716.0,-46.0,762.0,2026-02-09T01:16:03.475625
2026-02-09,007530,-1.0,0.0,-6.0,2026-02-09T01:16:08.536344
2026-02-09,007540,65.0,0.0,-65.0,2026-02-09T01:16:13.722265
2026-02-09,007570,0.0,0.0,0.0,2026-02-09T01:16:18.333084
2026-02-09,007575,0.0,0.0,0.0,2026-02-09T01:16:23.512227
2026-02-09,007590,10.0,-6.0,-5.0,2026-02-09T01:16:28.336694
2026-02-09,007610,0.0,0.0,0.0,2026-02-09T01:16:32.775177
2026-02-09,007660,-8216.0,-8982.0,17602.0,2026-02-09T01:16:37.754437
2026-02-09,007680,-15.0,-3.0,20.0,2026-02-09T01:16:42.516127
2026-02-09,007690,-50.0,-11.0,61.0,2026-02-09T01:16:47.242634
2026-02-09,007700,-66.0,-28.0,93.0,2026-02-09T01:16:51.975417
2026-02-09,007720,40.0,0.0,-40.0,2026-02-09T01:16:56.350720
2026-02-09,007770,-30.0,0.0,30.0,2026-02-09T01:17:00.861799
2026-02-09,007810,6839.0,-3072.0,-1878.0,2026-02-09T01:17:05.785158
2026-02-09,007815,-95.0,0.0,92.0,2026-02-09T01:17:10.507936
2026-02-09,00781K,0.0,0.0,0.0,2026-02-09T01:17:15.058730
2026-02-09,007820,-73.0,-9.0,86.0,2026-02-09T01:17:19.882943
2026-02-09,007860,-66.0,-27.0,103.0,2026-02-09T01:17:24.436961
2026-02-09,007980,-186.0,-6.0,197.0,2026-02-09T01:17:29.055549
2026-02-09,008040,-38.0,-1.0,16.0,2026-02-09T01:17:33.625310
2026-02-09,008060,-10.0,296.0,-260.0,2026-02-09T01:17:38.192427
2026-02-09,00806K,2.0,0.0,8.0,2026-02-09T01:17:42.718367
2026-02-09,008110,0.0,0.0,0.0,2026-02-09T01:17:47.345285
2026-02-09,008250,-24.0,-42.0,68.0,2026-02-09T01:17:51.972481
2026-02-09,008260,13.0,-6.0,-7.0,2026-02-09T01:17:56.587605
2026-02-09,008350,30.0,0.0,-19.0,2026-02-09T01:18:05.066736
2026-02-09,008355,0.0,0.0,0.0,2026-02-09T01:18:09.681629
2026-02-09,008370,1.0,0.0,-1.0,2026-02-09T01:18:14.532868
2026-02-09,008420,-24.0,0.0,17.0,2026-02-09T01:18:19.286635
2026-02-09,008470,1.0,-1.0,-12.0,2026-02-09T01:18:23.763876
2026-02-09,008490,-155.0,-10.0,154.0,2026-02-09T01:18:28.264691
2026-02-09,008500,7.0,0.0,-6.0,2026-02-09T01:18:33.282137
2026-02-09,008600,18.0,0.0,-18.0,2026-02-09T01:18:37.878166
2026-02-09,008700,-16.0,0.0,170.0,2026-02-09T01:18:42.724202
2026-02-09,008730,-123.0,-30.0,150.0,2026-02-09T01:18:47.449080
2026-02-09,008770,-9402.0,2325.0,6237.0,2026-02-09T01:18:52.269548
2026-02-09,008775,0.0,0.0,3.0,2026-02-09T01:18:56.952517
2026-02-09,008830,267.0,-32.0,-201.0,2026-02-09T01:19:01.619306
2026-02-09,0088D0,-3.0,42.0,-39.0,2026-02-09T01:19:10.599508
2026-02-09,008930,-3073.0,5063.0,-2103.0,2026-02-09T01:19:15.203354
2026-02-09,008970,201.0,-1.0,-202.0,2026-02-09T01:19:19.971836
2026-02-09,009070,-960.0,-29.0,991.0,2026-02-09T01:19:24.764039
2026-02-09,009140,4.0,0.0,-4.0,2026-02-09T01:19:29.286204
2026-02-09,009150,946.0,16847.0,-16801.0,2026-02-09T01:19:33.879585
2026-02-09,009155,-182.0,-87.0,272.0,2026-02-09T01:19:38.540423
2026-02-09,009160,146.0,-4.0,-377.0,2026-02-09T01:19:43.302936
2026-02-09,009180,-75.0,0.0,38.0,2026-02-09T01:19:47.548581
2026-02-09,009190,193.0,0.0,-199.0,2026-02-09T01:19:52.048028
2026-02-09,0091W0,-17.0,1.0,16.0,2026-02-09T01:19:56.835725
2026-02-09,009200,11.0,0.0,-16.0,2026-02-09T01:20:01.783527
2026-02-09,009240,812.0,-381.0,-428.0,2026-02-09T01:20:06.725755
2026-02-09,009270,413.0,-1.0,-418.0,2026-02-09T01:20:11.676212
2026-02-09,009290,128.0,5.0,-256.0,2026-02-09T01:20:17.488886
2026-02-09,009300,11.0,6.0,-18.0,2026-02-09T01:20:22.992097
2026-02-09,009310,3.0,0.0,-2.0,2026-02-09T01:20:27.432190
2026-02-09,009320,36.0,-17.0,-19.0,2026-02-09T01:20:32.178321
2026-02-09,0093G0,0.0,34.0,-34.0,2026-02-09T01:20:37.043801
2026-02-09,009410,19.0,-74.0,53.0,2026-02-09T01:20:41.898013
2026-02-09,009415,1.0,0.0,-1.0,2026-02-09T01:20:46.567378
2026-02-09,009420,-5965.0,-3194.0,8982.0,2026-02-09T01:20:51.217733
2026-02-09,009440,0.0,0.0,0.0,2026-02-09T01:20:56.012045
2026-02-09,009450,-2417.0,42.0,2351.0,2026-02-09T01:21:00.400776
2026-02-09,009460,2.0,0.0,-2.0,2026-02-09T01:21:05.550638
2026-02-09,009470,685.0,978.0,-1688.0,2026-02-09T01:21:10.049242
2026-02-09,009520,-305.0,-55.0,359.0,2026-02-09T01:21:14.631799
2026-02-09,009540,-5433.0,-15076.0,20382.0,2026-02-09T01:21:19.467616
2026-02-09,009580,21.0,0.0,-21.0,2026-02-09T01:21:24.201091
2026-02-09,009620,-29.0,0.0,28.0,2026-02-09T01:21:28.955546
2026-02-09,009680,-37.0,-25.0,30.0,2026-02-09T01:21:33.919715
2026-02-09,0096B0,12.0,88.0,-100.0,2026-02-09T01:21:38.297862
2026-02-09,0096D0,-4.0,62.0,-57.0,2026-02-09T01:21:43.086082
2026-02-09,009730,22.0,0.0,-23.0,2026-02-09T01:21:47.721279
2026-02-09,009770,10.0,-12.0,-2.0,2026-02-09T01:21:52.282458
2026-02-09,009780,93.0,0.0,-96.0,2026-02-09T01:21:56.789969
2026-02-09,0097F0,1.0,65.0,-76.0,2026-02-09T01:22:01.368028
2026-02-09,009810,0.0,0.0,0.0,2026-02-09T01:22:06.153258
2026-02-09,009830,60046.0,53406.0,-110955.0,2026-02-09T01:22:10.754761
2026-02-09,009835,632.0,-176.0,-439.0,2026-02-09T01:22:15.438181
2026-02-09,0098T0,-3.0,78.0,-74.0,2026-02-09T01:22:19.972049
2026-02-09,009900,-482.0,-12.0,501.0,2026-02-09T01:22:24.710102
2026-02-09,009970,-471.0,788.0,-317.0,2026-02-09T01:22:29.351976
2026-02-09,0099W0,0.0,73.0,-73.0,2026-02-09T01:22:33.900661
2026-02-09,0099X0,-10.0,-12.0,23.0,2026-02-09T01:22:38.832620
2026-02-09,010040,0.0,4.0,-4.0,2026-02-09T01:22:43.436949
2026-02-09,010060,-15090.0,20908.0,-6641.0,2026-02-09T01:22:48.038670
2026-02-09,010100,611.0,30.0,-662.0,2026-02-09T01:22:52.756865
2026-02-09,010120,-35897.0,7701.0,27457.0,2026-02-09T01:22:57.350285
2026-02-09,010130,-8577.0,-3874.0,12161.0,2026-02-09T01:23:02.106493
2026-02-09,010140,-4541.0,2586.0,1882.0,2026-02-09T01:23:06.976839
2026-02-09,010170,-349.0,3.0,336.0,2026-02-09T01:23:11.472527
2026-02-09,0101C0,-1.0,42.0,-40.0,2026-02-09T01:23:16.302505
2026-02-09,010240,-14.0,-10.0,24.0,2026-02-09T01:23:20.993416
2026-02-09,010280,-41.0,0.0,34.0,2026-02-09T01:23:25.662011
2026-02-09,010400,36.0,28.0,210.0,2026-02-09T01:23:30.051992
2026-02-09,010470,33.0,0.0,-33.0,2026-02-09T01:23:34.706091
2026-02-09,010580,-171.0,-12.0,184.0,2026-02-09T01:23:39.425842
2026-02-09,0105P0,0.0,20.0,-20.0,2026-02-09T01:23:43.915145
2026-02-09,010640,13.0,0.0,-13.0,2026-02-09T01:23:48.622653
2026-02-09,010660,343.0,0.0,-411.0,2026-02-09T01:23:53.429031
2026-02-09,010690,-924.0,-10.0,943.0,2026-02-09T01:23:57.924490
2026-02-09,010770,-53.0,0.0,53.0,2026-02-09T01:24:02.550477
2026-02-09,010780,-2312.0,1851.0,222.0,2026-02-09T01:24:07.463230
2026-02-09,010820,655.0,12.0,-630.0,2026-02-09T01:24:12.141875
2026-02-09,010950,1829.0,3481.0,-5272.0,2026-02-09T01:24:17.035190
2026-02-09,010955,118.0,-128.0,9.0,2026-02-09T01:24:22.061735
2026-02-09,010960,-40.0,-1.0,41.0,2026-02-09T01:24:26.695795
2026-02-09,011000,124.0,-2.0,-122.0,2026-02-09T01:24:31.368733
2026-02-09,011040,-86.0,-6.0,92.0,2026-02-09T01:24:36.193987
2026-02-09,011070,5585.0,-3850.0,-1476.0,2026-02-09T01:24:40.927644
2026-02-09,011080,31.0,0.0,-30.0,2026-02-09T01:24:45.307068
2026-02-09,011090,-1.0,0.0,1.0,2026-02-09T01:24:49.738945
2026-02-09,011150,49.0,0.0,-49.0,2026-02-09T01:24:54.177105
2026-02-09,011155,0.0,0.0,0.0,2026-02-09T01:24:58.875342
2026-02-09,011170,-3859.0,-2636.0,6102.0,2026-02-09T01:25:03.576358
2026-02-09,011200,-2698.0,-3849.0,6525.0,2026-02-09T01:25:08.255078
2026-02-09,002620,6.0,0.0,-5.0,2026-02-09T01:25:11.310065
2026-02-09,011210,3269.0,-1600.0,-1680.0,2026-02-09T01:25:12.819785
2026-02-09,011230,-19.0,0.0,16.0,2026-02-09T01:25:17.406308
2026-02-09,011280,82.0,-1.0,-83.0,2026-02-09T01:25:22.062534
2026-02-09,011300,-53.0,0.0,53.0,2026-02-09T01:25:26.611040
2026-02-09,011320,-50.0,0.0,49.0,2026-02-09T01:25:31.213870
2026-02-09,011330,-32.0,-40.0,2.0,2026-02-09T01:25:36.027675
2026-02-09,011370,15.0,0.0,2.0,2026-02-09T01:25:40.678697
2026-02-09,011390,778.0,0.0,-778.0,2026-02-09T01:25:45.365186
2026-02-09,011420,-61.0,0.0,60.0,2026-02-09T01:25:49.976378
2026-02-09,011500,343.0,130.0,-497.0,2026-02-09T01:25:54.378990
2026-02-09,011560,9.0,118.0,-113.0,2026-02-09T01:25:59.152515
2026-02-09,0115H0,-47.0,-33.0,81.0,2026-02-09T01:26:03.966746
2026-02-09,011690,-163.0,0.0,132.0,2026-02-09T01:26:08.748921
2026-02-09,011700,472.0,0.0,-481.0,2026-02-09T01:26:13.498358
2026-02-09,011780,51.0,-136.0,88.0,2026-02-09T01:26:19.477388
2026-02-09,011785,-31.0,-261.0,192.0,2026-02-09T01:26:24.165395
2026-02-09,011790,-3612.0,-6517.0,9930.0,2026-02-09T01:26:28.589875
2026-02-09,011810,0.0,0.0,0.0,2026-02-09T01:26:33.467142
2026-02-09,011930,2559.0,1368.0,-3632.0,2026-02-09T01:26:37.783186
2026-02-09,012030,-318.0,-7.0,81.0,2026-02-09T01:26:42.150794
2026-02-09,0120G0,292.0,-1663.0,1400.0,2026-02-09T01:26:46.447479
2026-02-09,012160,-9.0,0.0,9.0,2026-02-09T01:26:50.996219
2026-02-09,012170,-3.0,0.0,4.0,2026-02-09T01:26:55.354098
2026-02-09,012200,248.0,49.0,-297.0,2026-02-09T01:26:59.728601
2026-02-09,012205,0.0,0.0,0.0,2026-02-09T01:27:04.518541
2026-02-09,012210,846.0,-41.0,-456.0,2026-02-09T01:27:09.266433
2026-02-09,012280,4.0,3.0,-9.0,2026-02-09T01:27:16.424572
2026-02-09,003030,-810.0,-43.0,751.0,2026-02-09T01:27:17.912482
2026-02-09,012320,-233.0,-1.0,218.0,2026-02-09T01:27:21.097502
2026-02-09,012330,6173.0,1981.0,-8638.0,2026-02-09T01:27:25.770043
2026-02-09,012340,-12.0,6.0,6.0,2026-02-09T01:27:30.731711
2026-02-09,012450,-83509.0,34277.0,48136.0,2026-02-09T01:27:35.508112
2026-02-09,012510,-4579.0,-6019.0,14732.0,2026-02-09T01:27:40.174107
2026-02-09,012610,353.0,-46.0,-310.0,2026-02-09T01:27:44.701377
2026-02-09,012620,10.0,2.0,-12.0,2026-02-09T01:27:48.967906
2026-02-09,012630,-559.0,107.0,469.0,2026-02-09T01:27:53.443749
2026-02-09,012690,63.0,0.0,-64.0,2026-02-09T01:27:58.997941
2026-02-09,0126Z0,11027.0,-10726.0,216.0,2026-02-09T01:28:03.902073
2026-02-09,012700,-45.0,0.0,45.0,2026-02-09T01:28:08.585150
2026-02-09,012750,-583.0,1191.0,-606.0,2026-02-09T01:28:13.527443
2026-02-09,012790,13.0,3.0,-16.0,2026-02-09T01:28:18.140094
2026-02-09,012800,-100.0,-1.0,101.0,2026-02-09T01:28:22.877206
2026-02-09,012860,279.0,0.0,-283.0,2026-02-09T01:28:27.280294
2026-02-09,003310,1067.0,109.0,-1182.0,2026-02-09T01:28:31.296503
2026-02-09,013000,1.0,0.0,-25.0,2026-02-09T01:28:31.611605
2026-02-09,013030,-498.0,487.0,8.0,2026-02-09T01:28:36.266270
2026-02-09,013120,-112.0,131.0,-16.0,2026-02-09T01:28:40.593518
2026-02-09,013310,637.0,59.0,-695.0,2026-02-09T01:28:45.062679
2026-02-09,013360,52.0,124.0,-177.0,2026-02-09T01:28:49.565142
2026-02-09,013520,-74.0,0.0,-96.0,2026-02-09T01:28:54.282159
2026-02-09,013570,199.0,0.0,-166.0,2026-02-09T01:28:58.610548
2026-02-09,013580,189.0,-9.0,-168.0,2026-02-09T01:29:03.475527
2026-02-09,013700,-146.0,0.0,145.0,2026-02-09T01:29:08.017495
2026-02-09,013720,38.0,0.0,-38.0,2026-02-09T01:29:13.425426
2026-02-09,013870,82.0,127.0,-212.0,2026-02-09T01:29:19.560944
2026-02-09,013890,-65.0,-20.0,-13.0,2026-02-09T01:29:24.143884
2026-02-09,013990,39.0,-4.0,-34.0,2026-02-09T01:29:28.600501
2026-02-09,014100,-1.0,0.0,0.0,2026-02-09T01:29:33.007035
2026-02-09,014130,38.0,0.0,-39.0,2026-02-09T01:29:37.756215
2026-02-09,014160,-38.0,0.0,38.0,2026-02-09T01:29:42.137296
2026-02-09,014190,122.0,0.0,-122.0,2026-02-09T01:29:46.702507
2026-02-09,014280,259.0,0.0,-258.0,2026-02-09T01:29:51.000904
2026-02-09,014285,0.0,0.0,0.0,2026-02-09T01:29:55.279343
2026-02-09,014440,38.0,-2.0,-37.0,2026-02-09T01:29:59.799735
2026-02-09,003610,800.0,-2.0,-338.0,2026-02-09T01:30:04.712986
2026-02-09,014470,-6.0,0.0,6.0,2026-02-09T01:30:04.829390
2026-02-09,014530,100.0,0.0,-100.0,2026-02-09T01:30:10.002528
2026-02-09,014570,-28.0,0.0,27.0,2026-02-09T01:30:14.781717
2026-02-09,014580,-15.0,0.0,13.0,2026-02-09T01:30:19.898047
2026-02-09,014620,1086.0,-842.0,-112.0,2026-02-09T01:30:24.749660
2026-02-09,014680,-3494.0,5045.0,-1545.0,2026-02-09T01:30:29.608355
2026-02-09,003720,-809.0,-38.0,815.0,2026-02-09T01:30:34.483892
2026-02-09,014710,-94.0,0.0,91.0,2026-02-09T01:30:34.589365
2026-02-09,014790,14.0,98.0,-109.0,2026-02-09T01:30:39.190175
2026-02-09,014820,-84.0,-159.0,240.0,2026-02-09T01:30:43.563174
2026-02-09,014825,0.0,0.0,0.0,2026-02-09T01:30:48.430272
2026-02-09,014830,1145.0,301.0,-1541.0,2026-02-09T01:30:53.352666
2026-02-09,003850,-212.0,-22.0,234.0,2026-02-09T01:30:57.452825
2026-02-09,014910,215.0,25.0,-240.0,2026-02-09T01:30:57.776271
2026-02-09,014915,0.0,0.0,0.0,2026-02-09T01:31:02.973095
2026-02-09,014940,-379.0,87.0,283.0,2026-02-09T01:31:08.166789
2026-02-09,014950,234.0,52.0,-287.0,2026-02-09T01:31:12.927393
2026-02-09,014970,93.0,0.0,-93.0,2026-02-09T01:31:17.822768
2026-02-09,014990,42.0,0.0,-43.0,2026-02-09T01:31:22.612875
2026-02-09,015020,49.0,0.0,-49.0,2026-02-09T01:31:27.296629
2026-02-09,015230,-8.0,38.0,-32.0,2026-02-09T01:31:31.786110
2026-02-09,015260,3.0,0.0,-7.0,2026-02-09T01:31:36.664519
2026-02-09,015360,-138.0,-383.0,499.0,2026-02-09T01:31:41.308699
2026-02-09,015590,0.0,0.0,0.0,2026-02-09T01:31:46.068722
2026-02-09,015710,-24.0,0.0,24.0,2026-02-09T01:31:50.579352
2026-02-09,015750,-802.0,-306.0,1084.0,2026-02-09T01:31:55.399031
2026-02-09,015760,-6926.0,6701.0,1311.0,2026-02-09T01:32:00.306362
2026-02-09,015860,-143.0,36.0,72.0,2026-02-09T01:32:05.596333
2026-02-09,015890,-59.0,0.0,56.0,2026-02-09T01:32:10.538370
2026-02-09,016090,-12.0,1.0,19.0,2026-02-09T01:32:15.309552
2026-02-09,016100,7.0,0.0,-7.0,2026-02-09T01:32:19.849892
2026-02-09,016250,-17.0,-8.0,25.0,2026-02-09T01:32:24.507729
2026-02-09,016360,-1905.0,759.0,1736.0,2026-02-09T01:32:29.165570
2026-02-09,016380,260.0,-166.0,-94.0,2026-02-09T01:32:34.000019
2026-02-09,016450,-31.0,0.0,32.0,2026-02-09T01:32:38.900234
2026-02-09,016580,-172.0,-38.0,230.0,2026-02-09T01:32:43.665724
2026-02-09,016590,-95.0,-8.0,101.0,2026-02-09T01:32:48.011399
2026-02-09,016600,-57.0,-28.0,82.0,2026-02-09T01:32:52.580475
2026-02-09,016610,67.0,-349.0,259.0,2026-02-09T01:32:57.314185
2026-02-09,016670,-6.0,0.0,4.0,2026-02-09T01:33:02.634765
2026-02-09,016710,-53.0,-49.0,105.0,2026-02-09T01:33:07.486625
2026-02-09,016740,135.0,0.0,-133.0,2026-02-09T01:33:12.236761
2026-02-09,016790,0.0,0.0,0.0,2026-02-09T01:33:16.922767
2026-02-09,016800,25.0,-10.0,-14.0,2026-02-09T01:33:21.833981
2026-02-09,016880,-595.0,92.0,501.0,2026-02-09T01:33:26.613258
2026-02-09,016920,-6.0,0.0,6.0,2026-02-09T01:33:31.874499
2026-02-09,017000,55.0,0.0,-55.0,2026-02-09T01:33:36.526872
2026-02-09,017040,22.0,0.0,-23.0,2026-02-09T01:33:41.489618
2026-02-09,017180,-108.0,0.0,108.0,2026-02-09T01:33:46.069173
2026-02-09,017250,-5.0,0.0,4.0,2026-02-09T01:33:50.754260
2026-02-09,017370,49.0,-3.0,-115.0,2026-02-09T01:33:55.195532
2026-02-09,017390,-135.0,86.0,49.0,2026-02-09T01:33:59.665663
2026-02-09,017480,0.0,5.0,-5.0,2026-02-09T01:34:04.366982
2026-02-09,017510,-266.0,0.0,271.0,2026-02-09T01:34:09.375393
2026-02-09,017550,34.0,-7.0,-26.0,2026-02-09T01:34:14.125216
2026-02-09,017650,43.0,1.0,-173.0,2026-02-09T01:34:18.880441
2026-02-09,017670,-47396.0,4253.0,41661.0,2026-02-09T01:34:23.832362
2026-02-09,017800,-736.0,5621.0,-5099.0,2026-02-09T01:34:28.988539
2026-02-09,017810,-62.0,48.0,13.0,2026-02-09T01:34:33.984357
2026-02-09,004835,-1.0,0.0,1.0,2026-02-09T01:34:35.261376
2026-02-09,017860,-499.0,-10.0,509.0,2026-02-09T01:34:38.881004
2026-02-09,017890,66.0,-112.0,72.0,2026-02-09T01:34:43.610276
2026-02-09,017900,86.0,0.0,-86.0,2026-02-09T01:34:48.461502
2026-02-09,017940,-396.0,-94.0,537.0,2026-02-09T01:34:53.062895
2026-02-09,017960,-1565.0,3359.0,-1839.0,2026-02-09T01:34:57.548159
2026-02-09,018000,159.0,5.0,-167.0,2026-02-09T01:35:02.777303
