date,code,program_net_value,updated_at
2026-02-09,000020,6019020.0,2026-02-09T01:40:40.385965
2026-02-09,000040,-11238097.0,2026-02-09T01:40:45.029953
2026-02-09,000050,647149445.0,2026-02-09T01:40:49.722856
2026-02-09,000070,54219400.0,2026-02-09T01:13:06.313845
2026-02-09,000080,300769905.0,2026-02-09T01:13:11.162066
2026-02-09,000087,0.0,2026-02-09T01:13:16.011346
2026-02-09,000100,2258052200.0,2026-02-09T01:13:20.577180
2026-02-09,000105,0.0,2026-02-09T01:13:25.089373
2026-02-09,000120,-166117450.0,2026-02-09T01:13:29.605391
2026-02-09,000140,-11388890.0,2026-02-09T01:13:34.431078
2026-02-09,000145,0.0,2026-02-09T01:13:39.189656
2026-02-09,000150,9400621000.0,2026-02-09T01:13:43.670170
2026-02-09,000155,0.0,2026-02-09T01:13:48.359771
2026-02-09,000157,0.0,2026-02-09T01:13:53.007853
2026-02-09,000180,-13494693.0,2026-02-09T01:13:57.858108
2026-02-09,0001A0,1872789400.0,2026-02-09T01:14:02.600980
2026-02-09,000210,-419108350.0,2026-02-09T01:14:07.299247
2026-02-09,000215,0.0,2026-02-09T01:14:12.286450
2026-02-09,000220,2543595.0,2026-02-09T01:14:16.890213
2026-02-09,000225,0.0,2026-02-09T01:14:21.689148
2026-02-09,000227,0.0,2026-02-09T01:14:26.766235
2026-02-09,000230,17108135.0,2026-02-09T01:14:31.338872
2026-02-09,000240,449250500.0,2026-02-09T01:14:36.343782
2026-02-09,000250,1311653500.0,2026-02-09T01:14:41.097460
2026-02-09,000270,-18833236750.0,2026-02-09T01:14:45.866730
2026-02-09,000300,0.0,2026-02-09T01:14:50.563091
2026-02-09,000320,5059350.0,2026-02-09T01:14:56.689565
2026-02-09,000325,0.0,2026-02-09T01:15:01.264476
2026-02-09,000370,-95888670.0,2026-02-09T01:15:06.430752
2026-02-09,000390,164705195.0,2026-02-09T01:15:11.660500
2026-02-09,000400,29984507.0,2026-02-09T01:15:16.521863
2026-02-09,000430,18885920.0,2026-02-09T01:15:21.589932
2026-02-09,000440,299354500.0,2026-02-09T01:15:26.436198
2026-02-09,000480,1650315.0,2026-02-09T01:15:31.576085
2026-02-09,000490,309599680.0,2026-02-09T01:15:36.401071
2026-02-09,0004V0,182707415.0,2026-02-09T01:15:41.068165
2026-02-09,0004Y0,0.0,2026-02-09T01:15:45.838998
2026-02-09,000500,329259050.0,2026-02-09T01:15:50.796760
2026-02-09,000520,436210115.0,2026-02-09T01:15:55.336959
2026-02-09,000540,60802221.0,2026-02-09T01:16:00.153886
2026-02-09,000545,0.0,2026-02-09T01:16:04.960931
2026-02-09,000590,-1182400.0,2026-02-09T01:16:09.836485
2026-02-09,000640,202082700.0,2026-02-09T01:16:14.584031
2026-02-09,000650,-44962250.0,2026-02-09T01:16:19.310434
2026-02-09,000660,-22427194000.0,2026-02-09T01:16:24.193141
2026-02-09,000670,28944400.0,2026-02-09T01:16:28.809149
2026-02-09,000680,157672160.0,2026-02-09T01:16:33.461835
2026-02-09,000700,-5968300.0,2026-02-09T01:16:38.255996
2026-02-09,000720,2583716700.0,2026-02-09T01:16:42.783750
2026-02-09,000725,0.0,2026-02-09T01:16:47.349156
2026-02-09,000760,33539470.0,2026-02-09T01:16:52.111292
2026-02-09,0007C0,-679190550.0,2026-02-09T01:16:56.462860
2026-02-09,000810,-294382500.0,2026-02-09T01:17:01.172996
2026-02-09,000815,0.0,2026-02-09T01:17:06.110201
2026-02-09,000850,-8093300.0,2026-02-09T01:17:11.151837
2026-02-09,000860,79392270.0,2026-02-09T01:17:15.892397
2026-02-09,000880,1796981200.0,2026-02-09T01:17:20.335538
2026-02-09,00088K,0.0,2026-02-09T01:17:24.892559
2026-02-09,000890,12905966.0,2026-02-09T01:17:29.405361
2026-02-09,0008Z0,75459650.0,2026-02-09T01:17:34.069762
2026-02-09,000910,22934312.0,2026-02-09T01:17:38.518792
2026-02-09,000950,2987050.0,2026-02-09T01:17:43.110529
2026-02-09,000970,-4465895.0,2026-02-09T01:17:47.892938
2026-02-09,000990,-9970256500.0,2026-02-09T01:17:52.439433
2026-02-09,0009K0,-468310300.0,2026-02-09T01:17:58.546516
2026-02-09,001000,83314056.0,2026-02-09T01:18:03.565001
2026-02-09,001020,-2470337.0,2026-02-09T01:18:08.279906
2026-02-09,001040,-400837250.0,2026-02-09T01:18:13.307526
2026-02-09,001045,0.0,2026-02-09T01:18:18.170268
2026-02-09,00104K,0.0,2026-02-09T01:18:24.386543
2026-02-09,001060,-415383200.0,2026-02-09T01:18:29.059613
2026-02-09,001065,0.0,2026-02-09T01:18:33.776369
2026-02-09,001067,0.0,2026-02-09T01:18:38.709237
2026-02-09,001070,430480.0,2026-02-09T01:18:43.230270
2026-02-09,001080,-26005800.0,2026-02-09T01:18:47.778793
2026-02-09,0010V0,-12456530.0,2026-02-09T01:18:52.406044
2026-02-09,001120,727317825.0,2026-02-09T01:18:56.966867
2026-02-09,001130,20272400.0,2026-02-09T01:19:01.960001
2026-02-09,001200,173141844.0,2026-02-09T01:19:06.912492
2026-02-09,001210,-57559589.0,2026-02-09T01:19:12.201712
2026-02-09,001230,120387880.0,2026-02-09T01:19:16.769769
2026-02-09,001250,87192081.0,2026-02-09T01:19:21.515717
2026-02-09,001260,-59679940.0,2026-02-09T01:19:26.360933
2026-02-09,001270,88569800.0,2026-02-09T01:19:31.108857
2026-02-09,001275,0.0,2026-02-09T01:19:35.978149
2026-02-09,001290,3773261.0,2026-02-09T01:19:40.613415
2026-02-09,001340,3252180.0,2026-02-09T01:19:44.941640
2026-02-09,001360,595345233.0,2026-02-09T01:19:49.433548
2026-02-09,001380,3887271.0,2026-02-09T01:19:54.036611
2026-02-09,001390,231173090.0,2026-02-09T01:19:58.867928
2026-02-09,0013V0,-125619900.0,2026-02-09T01:20:04.204438
2026-02-09,001420,3770775.0,2026-02-09T01:20:08.928789
2026-02-09,001430,-2728393800.0,2026-02-09T01:20:13.678190
2026-02-09,001440,-7625130875.0,2026-02-09T01:20:18.530020
2026-02-09,001450,902744125.0,2026-02-09T01:20:23.570489
2026-02-09,001460,-9215000.0,2026-02-09T01:20:28.142134
2026-02-09,001465,0.0,2026-02-09T01:20:32.636642
2026-02-09,001470,0.0,2026-02-09T01:20:37.306281
2026-02-09,001500,695389235.0,2026-02-09T01:20:42.359895
2026-02-09,001510,-1026950065.0,2026-02-09T01:20:46.918154
2026-02-09,001515,0.0,2026-02-09T01:20:51.745518
2026-02-09,001520,49453083.0,2026-02-09T01:20:56.308829
2026-02-09,001525,0.0,2026-02-09T01:21:01.067056
2026-02-09,001527,0.0,2026-02-09T01:21:06.141477
2026-02-09,001530,176412850.0,2026-02-09T01:21:11.014241
2026-02-09,001540,15650490.0,2026-02-09T01:21:15.765278
2026-02-09,001550,-205211985.0,2026-02-09T01:21:20.407105
2026-02-09,001560,-95830.0,2026-02-09T01:21:24.949820
2026-02-09,001570,0.0,2026-02-09T01:21:29.514599
2026-02-09,0015G0,219786200.0,2026-02-09T01:21:34.440339
2026-02-09,0015N0,627094105.0,2026-02-09T01:21:39.316188
2026-02-09,0015S0,216202150.0,2026-02-09T01:21:44.275983
2026-02-09,001620,3126205.0,2026-02-09T01:21:48.963295
2026-02-09,001630,1404250.0,2026-02-09T01:21:53.480092
2026-02-09,001680,164500250.0,2026-02-09T01:21:57.986696
2026-02-09,001685,0.0,2026-02-09T01:22:02.921016
2026-02-09,001720,308551500.0,2026-02-09T01:22:07.602386
2026-02-09,001740,691246460.0,2026-02-09T01:22:12.272134
2026-02-09,001750,-51215650.0,2026-02-09T01:22:17.254074
2026-02-09,001755,0.0,2026-02-09T01:22:21.488286
2026-02-09,001770,313360.0,2026-02-09T01:22:26.249741
2026-02-09,001780,68459202.0,2026-02-09T01:22:31.004667
2026-02-09,001790,89015640.0,2026-02-09T01:22:35.771481
2026-02-09,001795,0.0,2026-02-09T01:22:40.489224
2026-02-09,001800,-72288225.0,2026-02-09T01:22:45.173098
2026-02-09,001810,-217881.0,2026-02-09T01:22:49.902803
2026-02-09,001820,238007025.0,2026-02-09T01:22:54.637851
2026-02-09,001840,0.0,2026-02-09T01:22:59.370151
2026-02-09,001940,17632425.0,2026-02-09T01:23:03.849279
2026-02-09,002020,-76551000.0,2026-02-09T01:23:08.677200
2026-02-09,002025,0.0,2026-02-09T01:23:13.120650
2026-02-09,002030,-42298500.0,2026-02-09T01:23:17.517165
2026-02-09,002070,9903880.0,2026-02-09T01:23:21.999871
2026-02-09,002100,209807265.0,2026-02-09T01:23:28.158763
2026-02-09,002140,80106255.0,2026-02-09T01:23:32.917606
2026-02-09,002150,-45018270.0,2026-02-09T01:23:37.343321
2026-02-09,002170,2873600.0,2026-02-09T01:23:42.461913
2026-02-09,002200,-28136667.0,2026-02-09T01:23:47.115568
2026-02-09,002210,0.0,2026-02-09T01:23:51.884137
2026-02-09,002220,342689935.0,2026-02-09T01:23:56.600278
2026-02-09,002230,-227617860.0,2026-02-09T01:24:01.013772
2026-02-09,002240,263482200.0,2026-02-09T01:24:05.956921
2026-02-09,002290,-8271765.0,2026-02-09T01:24:10.907316
2026-02-09,002310,-1553736290.0,2026-02-09T01:24:15.828538
2026-02-09,002320,46399950.0,2026-02-09T01:24:20.566429
2026-02-09,002350,71711515.0,2026-02-09T01:24:25.269734
2026-02-09,002355,0.0,2026-02-09T01:24:29.988065
2026-02-09,002360,4487206.0,2026-02-09T01:24:35.003217
2026-02-09,002380,-362689250.0,2026-02-09T01:24:39.518945
2026-02-09,002390,8768250.0,2026-02-09T01:24:44.025892
2026-02-09,002410,0.0,2026-02-09T01:24:48.485064
2026-02-09,002420,8128285.0,2026-02-09T01:24:52.693111
2026-02-09,002450,-6046272.0,2026-02-09T01:24:57.169931
2026-02-09,002460,-529250.0,2026-02-09T01:25:01.981181
2026-02-09,002600,316400.0,2026-02-09T01:25:06.564019
2026-02-09,002630,51605284.0,2026-02-09T01:25:17.267306
2026-02-09,002680,3601245.0,2026-02-09T01:25:22.026951
2026-02-09,002690,-4713805.0,2026-02-09T01:25:26.515477
2026-02-09,002700,-53831273.0,2026-02-09T01:25:30.947617
2026-02-09,002710,838717830.0,2026-02-09T01:25:35.699038
2026-02-09,002720,75722140.0,2026-02-09T01:25:40.389079
2026-02-09,002760,117744259.0,2026-02-09T01:25:44.987908
2026-02-09,002780,-37987249.0,2026-02-09T01:25:49.789635
2026-02-09,002785,0.0,2026-02-09T01:25:54.186165
2026-02-09,002787,0.0,2026-02-09T01:25:58.692525
2026-02-09,002790,5280689775.0,2026-02-09T01:26:03.634484
2026-02-09,002795,0.0,2026-02-09T01:26:08.449127
2026-02-09,00279K,0.0,2026-02-09T01:26:13.162314
2026-02-09,002800,35803170.0,2026-02-09T01:26:17.722430
2026-02-09,002810,31255250.0,2026-02-09T01:26:22.343628
2026-02-09,002820,-126170.0,2026-02-09T01:26:26.928668
2026-02-09,002840,91276100.0,2026-02-09T01:26:31.444737
2026-02-09,002870,-7499032.0,2026-02-09T01:26:35.972979
2026-02-09,002880,7208256.0,2026-02-09T01:26:40.529835
2026-02-09,002900,-599001475.0,2026-02-09T01:26:45.240055
2026-02-09,002920,558980.0,2026-02-09T01:26:49.753280
2026-02-09,002960,178663000.0,2026-02-09T01:26:54.134901
2026-02-09,002990,203964580.0,2026-02-09T01:26:58.622995
2026-02-09,002995,0.0,2026-02-09T01:27:03.572590
2026-02-09,003000,161089206.0,2026-02-09T01:27:08.450437
2026-02-09,003010,35351250.0,2026-02-09T01:27:13.241445
2026-02-09,003060,21207938.0,2026-02-09T01:27:22.517487
2026-02-09,003070,18390815.0,2026-02-09T01:27:27.111577
2026-02-09,003075,0.0,2026-02-09T01:27:31.706207
2026-02-09,003080,-1216270.0,2026-02-09T01:27:36.299030
2026-02-09,003090,230733825.0,2026-02-09T01:27:40.507919
2026-02-09,0030R0,562884.0,2026-02-09T01:27:45.103343
2026-02-09,003100,-57590650.0,2026-02-09T01:27:49.635765
2026-02-09,003120,-7126500.0,2026-02-09T01:27:53.914845
2026-02-09,003160,6596294400.0,2026-02-09T01:27:58.556828
2026-02-09,003200,166268595.0,2026-02-09T01:28:03.448549
2026-02-09,003220,40638620.0,2026-02-09T01:28:08.279783
2026-02-09,003230,5463646000.0,2026-02-09T01:28:12.844182
2026-02-09,003240,241518000.0,2026-02-09T01:28:17.300030
2026-02-09,003280,-281411458.0,2026-02-09T01:28:22.191893
2026-02-09,003300,-999650.0,2026-02-09T01:28:26.822348
2026-02-09,003350,770695800.0,2026-02-09T01:28:35.771871
2026-02-09,003380,3347245850.0,2026-02-09T01:28:40.438357
2026-02-09,003460,19026050.0,2026-02-09T01:28:45.341587
2026-02-09,003465,0.0,2026-02-09T01:28:49.633399
2026-02-09,003470,-144393851.0,2026-02-09T01:28:54.118852
2026-02-09,003475,0.0,2026-02-09T01:28:58.736754
2026-02-09,003480,13158794.0,2026-02-09T01:29:03.601723
2026-02-09,003490,2239869325.0,2026-02-09T01:29:08.416091
2026-02-09,003495,0.0,2026-02-09T01:29:12.842977
2026-02-09,003520,19901337.0,2026-02-09T01:29:17.735770
2026-02-09,003530,678256505.0,2026-02-09T01:29:22.507065
2026-02-09,003535,0.0,2026-02-09T01:29:27.271517
2026-02-09,003540,-21504050.0,2026-02-09T01:29:31.612260
2026-02-09,003545,0.0,2026-02-09T01:29:36.382651
2026-02-09,003547,0.0,2026-02-09T01:29:40.588848
2026-02-09,003550,154930950.0,2026-02-09T01:29:44.931710
2026-02-09,003555,0.0,2026-02-09T01:29:49.294446
2026-02-09,003570,304321300.0,2026-02-09T01:29:53.651445
2026-02-09,003580,21448265.0,2026-02-09T01:29:58.206050
2026-02-09,003620,-472143209.0,2026-02-09T01:30:09.966941
2026-02-09,003650,4836400.0,2026-02-09T01:30:14.752706
2026-02-09,003670,5664619000.0,2026-02-09T01:30:19.725864
2026-02-09,003680,8154010.0,2026-02-09T01:30:24.362946
2026-02-09,003690,-68248855.0,2026-02-09T01:30:29.520446
2026-02-09,003780,76512835.0,2026-02-09T01:30:39.315848
2026-02-09,0037T0,0.0,2026-02-09T01:30:43.786961
2026-02-09,003800,293197675.0,2026-02-09T01:30:48.370746
2026-02-09,003830,-8255100.0,2026-02-09T01:30:52.684272
2026-02-09,003920,14691750.0,2026-02-09T01:31:02.453351
2026-02-09,003925,0.0,2026-02-09T01:31:07.666915
2026-02-09,003960,-4075575.0,2026-02-09T01:31:12.922339
2026-02-09,004000,700428900.0,2026-02-09T01:31:17.861331
2026-02-09,004020,302298425.0,2026-02-09T01:31:22.588835
2026-02-09,004060,509241961.0,2026-02-09T01:31:29.156863
2026-02-09,004080,116820.0,2026-02-09T01:31:33.983915
2026-02-09,004090,390639425.0,2026-02-09T01:31:38.755920
2026-02-09,004100,27539603.0,2026-02-09T01:31:43.589312
2026-02-09,004105,0.0,2026-02-09T01:31:47.990032
2026-02-09,004140,94316712.0,2026-02-09T01:31:52.693677
2026-02-09,004150,2270010.0,2026-02-09T01:31:57.348637
2026-02-09,004170,769211250.0,2026-02-09T01:32:02.229157
2026-02-09,0041B0,0.0,2026-02-09T01:32:07.323881
2026-02-09,0041J0,0.0,2026-02-09T01:32:11.980776
2026-02-09,0041L0,0.0,2026-02-09T01:32:16.735373
2026-02-09,004250,3716735.0,2026-02-09T01:32:21.429057
2026-02-09,004255,0.0,2026-02-09T01:32:26.053111
2026-02-09,004270,-245972.0,2026-02-09T01:32:30.936169
2026-02-09,004310,-826287445.0,2026-02-09T01:32:35.613949
2026-02-09,004360,107840660.0,2026-02-09T01:32:40.103287
2026-02-09,004365,0.0,2026-02-09T01:32:44.985591
2026-02-09,004370,252630500.0,2026-02-09T01:32:49.623583
2026-02-09,004380,0.0,2026-02-09T01:32:54.011666
2026-02-09,004410,117664356.0,2026-02-09T01:32:58.730304
2026-02-09,004415,0.0,2026-02-09T01:33:03.678319
2026-02-09,004430,30029660.0,2026-02-09T01:33:09.309571
2026-02-09,004440,-50388170.0,2026-02-09T01:33:14.295143
2026-02-09,004450,84750.0,2026-02-09T01:33:19.000212
2026-02-09,004490,394204850.0,2026-02-09T01:33:23.488960
2026-02-09,0044K0,0.0,2026-02-09T01:33:28.487369
2026-02-09,004540,3633358.0,2026-02-09T01:33:33.426077
2026-02-09,004545,0.0,2026-02-09T01:33:38.438998
2026-02-09,004560,-513342970.0,2026-02-09T01:33:43.339020
2026-02-09,004590,-1102830.0,2026-02-09T01:33:47.860052
2026-02-09,004650,12955230.0,2026-02-09T01:33:52.556954
2026-02-09,004690,265814250.0,2026-02-09T01:33:57.101030
2026-02-09,004700,2793200.0,2026-02-09T01:34:01.788963
2026-02-09,004710,153117440.0,2026-02-09T01:34:06.711076
2026-02-09,004720,5892660.0,2026-02-09T01:34:11.379309
2026-02-09,004770,8211571.0,2026-02-09T01:34:16.445247
2026-02-09,004780,-4917240.0,2026-02-09T01:34:21.079960
2026-02-09,004800,506219350.0,2026-02-09T01:34:25.762331
2026-02-09,004830,69692607.0,2026-02-09T01:34:30.406049
2026-02-09,004840,-9908150.0,2026-02-09T01:34:39.999825
2026-02-09,004870,-26490276.0,2026-02-09T01:34:44.429082
2026-02-09,004890,-423900.0,2026-02-09T01:34:49.221831
2026-02-09,004910,10828640.0,2026-02-09T01:34:54.326634
2026-02-09,004920,1444126.0,2026-02-09T01:34:58.921511
2026-02-09,004960,-41573585.0,2026-02-09T01:35:03.943531
2026-02-09,004970,5654120.0,2026-02-09T01:07:58.485540
2026-02-09,004980,-235893035.0,2026-02-09T01:08:03.348142
2026-02-09,004985,0.0,2026-02-09T01:08:08.078540
2026-02-09,004990,1938373250.0,2026-02-09T01:08:12.993979
2026-02-09,00499K,0.0,2026-02-09T01:08:17.552095
2026-02-09,005010,98315627.0,2026-02-09T01:08:22.235436
2026-02-09,005030,0.0,2026-02-09T01:08:27.066682
2026-02-09,005070,1395751350.0,2026-02-09T01:08:31.591516
2026-02-09,005090,-141297650.0,2026-02-09T01:08:36.368623
2026-02-09,005110,0.0,2026-02-09T01:08:41.242424
2026-02-09,005160,39993648.0,2026-02-09T01:08:45.921526
2026-02-09,005180,354661300.0,2026-02-09T01:08:51.018094
2026-02-09,005250,113558990.0,2026-02-09T01:08:55.610023
2026-02-09,005257,0.0,2026-02-09T01:09:00.217079
2026-02-09,005290,-4950979300.0,2026-02-09T01:09:05.007514
2026-02-09,005300,-410122950.0,2026-02-09T01:09:09.568371
2026-02-09,005305,0.0,2026-02-09T01:09:14.507346
2026-02-09,005320,-3195209.0,2026-02-09T01:09:18.979280
2026-02-09,005360,16901877.0,2026-02-09T01:09:23.404485
2026-02-09,005380,-80558320250.0,2026-02-09T01:09:28.047204
2026-02-09,005385,0.0,2026-02-09T01:09:32.653403
2026-02-09,005387,0.0,2026-02-09T01:09:37.214924
2026-02-09,005389,0.0,2026-02-09T01:09:41.836108
2026-02-09,005420,641836475.0,2026-02-09T01:09:46.172697
2026-02-09,005430,-10177850.0,2026-02-09T01:09:50.832460
2026-02-09,005440,421468080.0,2026-02-09T01:09:55.275857
2026-02-09,005490,-8102815250.0,2026-02-09T01:09:59.652751
2026-02-09,0054V0,776590.0,2026-02-09T01:10:04.650139
2026-02-09,005500,-13182660.0,2026-02-09T01:10:09.360211
2026-02-09,005610,54307250.0,2026-02-09T01:10:14.134616
2026-02-09,005670,22546480.0,2026-02-09T01:10:18.726658
2026-02-09,005680,-19722800.0,2026-02-09T01:10:23.555972
2026-02-09,005690,781826720.0,2026-02-09T01:10:28.291788
2026-02-09,005710,-2333080.0,2026-02-09T01:10:33.135288
2026-02-09,005720,-25134890.0,2026-02-09T01:10:37.841232
2026-02-09,005725,0.0,2026-02-09T01:10:42.405080
2026-02-09,005740,12357340.0,2026-02-09T01:10:47.341431
2026-02-09,005745,0.0,2026-02-09T01:10:51.632525
2026-02-09,005750,-67307200.0,2026-02-09T01:10:56.433039
2026-02-09,005800,-6684790.0,2026-02-09T01:11:01.284918
2026-02-09,005810,25856300.0,2026-02-09T01:11:05.954229
2026-02-09,005820,115120.0,2026-02-09T01:11:10.915935
2026-02-09,005830,-842484050.0,2026-02-09T01:11:15.638323
2026-02-09,005850,402643450.0,2026-02-09T01:11:20.387101
2026-02-09,005860,90894020.0,2026-02-09T01:11:25.052330
2026-02-09,005870,-13692180.0,2026-02-09T01:11:30.012832
2026-02-09,005880,-524979498.0,2026-02-09T01:11:35.044186
2026-02-09,005930,66904988300.0,2026-02-09T01:11:39.585338
2026-02-09,005935,0.0,2026-02-09T01:11:44.502590
2026-02-09,005940,115551175.0,2026-02-09T01:11:49.073940
2026-02-09,005950,215272610.0,2026-02-09T01:11:54.591247
2026-02-09,005960,8599920.0,2026-02-09T01:11:58.984965
2026-02-09,005965,0.0,2026-02-09T01:12:03.910840
2026-02-09,005990,266690.0,2026-02-09T01:12:09.082970
2026-02-09,006040,1062003775.0,2026-02-09T01:12:13.965144
2026-02-09,006060,19128680.0,2026-02-09T01:12:20.712686
2026-02-09,006090,-8884930.0,2026-02-09T01:12:25.583921
2026-02-09,006110,225621475.0,2026-02-09T01:12:30.468046
2026-02-09,006120,162161200.0,2026-02-09T01:12:35.071988
2026-02-09,006125,0.0,2026-02-09T01:12:39.640536
2026-02-09,006140,94778700.0,2026-02-09T01:12:44.313546
2026-02-09,006200,1890111.0,2026-02-09T01:12:49.702409
2026-02-09,006220,3835590405.0,2026-02-09T01:12:54.193063
2026-02-09,006260,3924493500.0,2026-02-09T01:12:58.931417
2026-02-09,006280,643573150.0,2026-02-09T01:13:03.917317
2026-02-09,006340,1525131399.0,2026-02-09T01:13:08.816336
2026-02-09,006345,0.0,2026-02-09T01:13:13.461976
2026-02-09,006370,-5558840.0,2026-02-09T01:13:20.269825
2026-02-09,006380,0.0,2026-02-09T01:13:24.593537
2026-02-09,006400,-1996306250.0,2026-02-09T01:13:29.511158
2026-02-09,006405,0.0,2026-02-09T01:13:34.252409
2026-02-09,006490,18561168.0,2026-02-09T01:13:38.878126
2026-02-09,006570,-14820.0,2026-02-09T01:13:43.483139
2026-02-09,006620,-189920005.0,2026-02-09T01:13:47.982211
2026-02-09,006650,-414913850.0,2026-02-09T01:13:52.894454
2026-02-09,006660,121900150.0,2026-02-09T01:13:57.571641
2026-02-09,006730,234567985.0,2026-02-09T01:14:02.223723
2026-02-09,006740,-14944428.0,2026-02-09T01:14:07.254381
2026-02-09,006800,-29119889250.0,2026-02-09T01:14:11.991122
2026-02-09,006805,0.0,2026-02-09T01:14:16.865915
2026-02-09,00680K,0.0,2026-02-09T01:14:22.951221
2026-02-09,006840,10950060.0,2026-02-09T01:14:27.824855
2026-02-09,006880,35699180.0,2026-02-09T01:14:32.452006
2026-02-09,006890,17071110.0,2026-02-09T01:14:36.968370
2026-02-09,0068Y0,0.0,2026-02-09T01:14:41.638869
2026-02-09,006910,4059368915.0,2026-02-09T01:14:46.500476
2026-02-09,006920,8605800.0,2026-02-09T01:14:51.148742
2026-02-09,006980,-2862750.0,2026-02-09T01:14:55.717032
2026-02-09,007070,-404889800.0,2026-02-09T01:15:00.507740
2026-02-09,007110,67609725.0,2026-02-09T01:15:05.510142
2026-02-09,007120,5515631.0,2026-02-09T01:15:11.006088
2026-02-09,007160,-38724500.0,2026-02-09T01:15:15.519189
2026-02-09,0071M0,-1146310.0,2026-02-09T01:15:20.225873
2026-02-09,007210,5905663.0,2026-02-09T01:15:24.897479
2026-02-09,007280,8669468.0,2026-02-09T01:15:29.760369
2026-02-09,0072Z0,0.0,2026-02-09T01:15:34.613370
2026-02-09,007310,267108750.0,2026-02-09T01:15:39.539902
2026-02-09,007330,168852225.0,2026-02-09T01:15:44.032515
2026-02-09,007340,400624200.0,2026-02-09T01:15:48.986991
2026-02-09,007370,-4649400.0,2026-02-09T01:15:53.541216
2026-02-09,007390,313021100.0,2026-02-09T01:15:58.221413
2026-02-09,007460,-245139708.0,2026-02-09T01:16:03.476668
2026-02-09,007530,-694505.0,2026-02-09T01:16:08.537295
2026-02-09,007540,-6962500.0,2026-02-09T01:16:13.723158
2026-02-09,007570,0.0,2026-02-09T01:16:18.334116
2026-02-09,007575,0.0,2026-02-09T01:16:23.513202
2026-02-09,007590,-6466540.0,2026-02-09T01:16:28.337882
2026-02-09,007610,0.0,2026-02-09T01:16:32.777007
2026-02-09,007660,-2577510450.0,2026-02-09T01:16:37.756235
2026-02-09,007680,-12465440.0,2026-02-09T01:16:42.517117
2026-02-09,007690,-16643000.0,2026-02-09T01:16:47.244477
2026-02-09,007700,2485600.0,2026-02-09T01:16:51.976469
2026-02-09,007720,10256638.0,2026-02-09T01:16:56.351823
2026-02-09,007770,2824540.0,2026-02-09T01:17:00.863554
2026-02-09,007810,-1922450450.0,2026-02-09T01:17:05.786997
2026-02-09,007815,0.0,2026-02-09T01:17:10.508967
2026-02-09,00781K,0.0,2026-02-09T01:17:15.059701
2026-02-09,007820,-266565235.0,2026-02-09T01:17:19.883861
2026-02-09,007860,136586200.0,2026-02-09T01:17:24.438921
2026-02-09,007980,-8814693.0,2026-02-09T01:17:29.056529
2026-02-09,008040,28108351.0,2026-02-09T01:17:33.626251
2026-02-09,008060,-61089900.0,2026-02-09T01:17:38.193452
2026-02-09,00806K,0.0,2026-02-09T01:17:42.720221
2026-02-09,008110,0.0,2026-02-09T01:17:47.346344
2026-02-09,008250,-164039490.0,2026-02-09T01:17:51.973521
2026-02-09,008260,63389625.0,2026-02-09T01:17:56.588641
2026-02-09,008350,-25837621.0,2026-02-09T01:18:05.067699
2026-02-09,008355,0.0,2026-02-09T01:18:09.682685
2026-02-09,008370,-457345.0,2026-02-09T01:18:14.534628
2026-02-09,008420,2168160.0,2026-02-09T01:18:19.287553
2026-02-09,008470,159185.0,2026-02-09T01:18:23.764846
2026-02-09,008490,-116410500.0,2026-02-09T01:18:28.265788
2026-02-09,008500,1932540.0,2026-02-09T01:18:33.283018
2026-02-09,008600,19372546.0,2026-02-09T01:18:37.879206
2026-02-09,008700,43603579.0,2026-02-09T01:18:42.725080
2026-02-09,008730,1119682025.0,2026-02-09T01:18:47.450898
2026-02-09,008770,-131273550.0,2026-02-09T01:18:52.270547
2026-02-09,008775,0.0,2026-02-09T01:18:56.954458
2026-02-09,008830,187959975.0,2026-02-09T01:19:01.621165
2026-02-09,0088D0,0.0,2026-02-09T01:19:10.600505
2026-02-09,008930,502302100.0,2026-02-09T01:19:15.204398
2026-02-09,008970,241037016.0,2026-02-09T01:19:19.973511
2026-02-09,009070,-19948015.0,2026-02-09T01:19:24.765006
2026-02-09,009140,2422850.0,2026-02-09T01:19:29.287103
2026-02-09,009150,4976208250.0,2026-02-09T01:19:33.880548
2026-02-09,009155,0.0,2026-02-09T01:19:38.541545
2026-02-09,009160,43702475.0,2026-02-09T01:19:43.304015
2026-02-09,009180,12273395.0,2026-02-09T01:19:47.549478
2026-02-09,009190,-152775150.0,2026-02-09T01:19:52.048950
2026-02-09,0091W0,3569745.0,2026-02-09T01:19:56.842608
2026-02-09,009200,-5578410.0,2026-02-09T01:20:01.784406
2026-02-09,009240,368148300.0,2026-02-09T01:20:06.726709
2026-02-09,009270,-140077624.0,2026-02-09T01:20:11.678147
2026-02-09,009290,-3798710.0,2026-02-09T01:20:17.489855
2026-02-09,009300,3797355.0,2026-02-09T01:20:22.993549
2026-02-09,009310,6602184.0,2026-02-09T01:20:27.433119
2026-02-09,009320,-13234704.0,2026-02-09T01:20:32.179297
2026-02-09,0093G0,587412.0,2026-02-09T01:20:37.044850
2026-02-09,009410,69660383.0,2026-02-09T01:20:41.899073
2026-02-09,009415,0.0,2026-02-09T01:20:46.568773
2026-02-09,009420,2091426700.0,2026-02-09T01:20:51.218644
2026-02-09,009440,0.0,2026-02-09T01:20:56.012975
2026-02-09,009450,-135384100.0,2026-02-09T01:21:00.401939
2026-02-09,009460,20574028.0,2026-02-09T01:21:05.551485
2026-02-09,009470,393915700.0,2026-02-09T01:21:10.051080
2026-02-09,009520,586228160.0,2026-02-09T01:21:14.632793
2026-02-09,009540,-215985000.0,2026-02-09T01:21:19.468528
2026-02-09,009580,151295.0,2026-02-09T01:21:24.202001
2026-02-09,009620,166519.0,2026-02-09T01:21:28.956508
2026-02-09,009680,16642020.0,2026-02-09T01:21:33.920715
2026-02-09,0096B0,-4968990.0,2026-02-09T01:21:38.298777
2026-02-09,0096D0,-20015.0,2026-02-09T01:21:43.087051
2026-02-09,009730,4145654.0,2026-02-09T01:21:47.722284
2026-02-09,009770,2310900.0,2026-02-09T01:21:52.283357
2026-02-09,009780,28431800.0,2026-02-09T01:21:56.790987
2026-02-09,0097F0,-2035433.0,2026-02-09T01:22:01.369003
2026-02-09,009810,0.0,2026-02-09T01:22:06.154206
2026-02-09,009830,27410753025.0,2026-02-09T01:22:10.755773
2026-02-09,009835,0.0,2026-02-09T01:22:15.439121
2026-02-09,0098T0,1719950.0,2026-02-09T01:22:19.973862
2026-02-09,009900,96398935.0,2026-02-09T01:22:24.711015
2026-02-09,009970,89849500.0,2026-02-09T01:22:29.352990
2026-02-09,0099W0,-55972.0,2026-02-09T01:22:33.901886
2026-02-09,0099X0,-367640.0,2026-02-09T01:22:38.833609
2026-02-09,010040,-35515.0,2026-02-09T01:22:43.437937
2026-02-09,010060,3224056650.0,2026-02-09T01:22:48.039617
2026-02-09,010100,200084675.0,2026-02-09T01:22:52.757906
2026-02-09,010120,-4591893000.0,2026-02-09T01:22:57.351313
2026-02-09,010130,-4170218000.0,2026-02-09T01:23:02.107581
2026-02-09,010140,-2889262075.0,2026-02-09T01:23:06.977839
2026-02-09,010170,-750292425.0,2026-02-09T01:23:11.473556
2026-02-09,0101C0,10078151.0,2026-02-09T01:23:16.303617
2026-02-09,010240,4878860.0,2026-02-09T01:23:20.994527
2026-02-09,010280,15115679.0,2026-02-09T01:23:25.663529
2026-02-09,010400,-3288330.0,2026-02-09T01:23:30.053856
2026-02-09,010470,-588240.0,2026-02-09T01:23:34.707045
2026-02-09,010580,71710770.0,2026-02-09T01:23:39.426847
2026-02-09,0105P0,0.0,2026-02-09T01:23:43.916173
2026-02-09,010640,2907345.0,2026-02-09T01:23:48.623747
2026-02-09,010660,-2022191040.0,2026-02-09T01:23:53.430168
2026-02-09,010690,-161467670.0,2026-02-09T01:23:57.925507
2026-02-09,010770,-7988839.0,2026-02-09T01:24:02.551491
2026-02-09,010780,-612075775.0,2026-02-09T01:24:07.464264
2026-02-09,010820,589259301.0,2026-02-09T01:24:12.142952
2026-02-09,010950,1927596850.0,2026-02-09T01:24:17.036172
2026-02-09,010955,0.0,2026-02-09T01:24:22.062833
2026-02-09,010960,54100830.0,2026-02-09T01:24:26.697774
2026-02-09,011000,-416753202.0,2026-02-09T01:24:31.369647
2026-02-09,011040,43840680.0,2026-02-09T01:24:36.201977
2026-02-09,011070,-1678588250.0,2026-02-09T01:24:40.929635
2026-02-09,011080,5520294.0,2026-02-09T01:24:45.308010
2026-02-09,011090,973151.0,2026-02-09T01:24:49.739918
2026-02-09,011150,81178212.0,2026-02-09T01:24:54.179065
2026-02-09,011155,0.0,2026-02-09T01:24:58.876515
2026-02-09,011170,356255450.0,2026-02-09T01:25:03.577426
2026-02-09,011200,2382970050.0,2026-02-09T01:25:08.256872
2026-02-09,002620,-1002770.0,2026-02-09T01:25:11.312002
2026-02-09,011210,877319650.0,2026-02-09T01:25:12.821800
2026-02-09,011230,37467345.0,2026-02-09T01:25:17.407163
2026-02-09,011280,124566710.0,2026-02-09T01:25:22.064393
2026-02-09,011300,88908385.0,2026-02-09T01:25:26.611953
2026-02-09,011320,-47861965.0,2026-02-09T01:25:31.215098
2026-02-09,011330,272751191.0,2026-02-09T01:25:36.029394
2026-02-09,011370,8153255.0,2026-02-09T01:25:40.680741
2026-02-09,011390,-259621400.0,2026-02-09T01:25:45.366164
2026-02-09,011420,36255170.0,2026-02-09T01:25:49.977354
2026-02-09,011500,-42447225.0,2026-02-09T01:25:54.380072
2026-02-09,011560,39560730.0,2026-02-09T01:25:59.153433
2026-02-09,0115H0,36954510.0,2026-02-09T01:26:03.967677
2026-02-09,011690,1041247390.0,2026-02-09T01:26:08.749838
2026-02-09,011700,329127066.0,2026-02-09T01:26:13.499312
2026-02-09,011780,-138603200.0,2026-02-09T01:26:19.478434
2026-02-09,011785,0.0,2026-02-09T01:26:24.166297
2026-02-09,011790,5799064850.0,2026-02-09T01:26:28.590865
2026-02-09,011810,0.0,2026-02-09T01:26:33.468100
2026-02-09,011930,-763568910.0,2026-02-09T01:26:37.784189
2026-02-09,012030,170907889.0,2026-02-09T01:26:42.151879
2026-02-09,0120G0,-50919050.0,2026-02-09T01:26:46.448468
2026-02-09,012160,-1494319.0,2026-02-09T01:26:50.997162
2026-02-09,012170,-2185165.0,2026-02-09T01:26:55.355058
2026-02-09,012200,-767167395.0,2026-02-09T01:26:59.729643
2026-02-09,012205,0.0,2026-02-09T01:27:04.519513
2026-02-09,012210,233600860.0,2026-02-09T01:27:09.267316
2026-02-09,012280,11699135.0,2026-02-09T01:27:16.425620
2026-02-09,003030,223108250.0,2026-02-09T01:27:17.914448
2026-02-09,012320,1744350.0,2026-02-09T01:27:21.098635
2026-02-09,012330,-147843750.0,2026-02-09T01:27:25.771245
2026-02-09,012340,3655563.0,2026-02-09T01:27:30.733567
2026-02-09,012450,5369489000.0,2026-02-09T01:27:35.509095
2026-02-09,012510,1367688650.0,2026-02-09T01:27:40.175087
2026-02-09,012610,325713250.0,2026-02-09T01:27:44.702361
2026-02-09,012620,3937730.0,2026-02-09T01:27:48.968932
2026-02-09,012630,606252440.0,2026-02-09T01:27:53.444703
2026-02-09,012690,48980970.0,2026-02-09T01:27:58.998948
2026-02-09,0126Z0,5739177000.0,2026-02-09T01:28:03.902942
2026-02-09,012700,11157120.0,2026-02-09T01:28:08.586243
2026-02-09,012750,-254020500.0,2026-02-09T01:28:13.528379
2026-02-09,012790,8742720.0,2026-02-09T01:28:18.140949
2026-02-09,012800,158293989.0,2026-02-09T01:28:22.878296
2026-02-09,012860,567507482.0,2026-02-09T01:28:27.281321
2026-02-09,003310,-1251315467.0,2026-02-09T01:28:31.297520
2026-02-09,013000,-2579672.0,2026-02-09T01:28:31.612570
2026-02-09,013030,179565375.0,2026-02-09T01:28:36.267177
2026-02-09,013120,26435370.0,2026-02-09T01:28:40.594412
2026-02-09,013310,96713695.0,2026-02-09T01:28:45.063573
2026-02-09,013360,158441570.0,2026-02-09T01:28:49.572161
2026-02-09,013520,-16241839.0,2026-02-09T01:28:54.283156
2026-02-09,013570,-42852055.0,2026-02-09T01:28:58.611447
2026-02-09,013580,389118300.0,2026-02-09T01:29:03.476523
2026-02-09,013700,-19809269.0,2026-02-09T01:29:08.018695
2026-02-09,013720,8328570.0,2026-02-09T01:29:13.426413
2026-02-09,013870,21357620.0,2026-02-09T01:29:19.561917
2026-02-09,013890,-450820790.0,2026-02-09T01:29:24.145058
2026-02-09,013990,105624150.0,2026-02-09T01:29:28.601457
2026-02-09,014100,3428450.0,2026-02-09T01:29:33.008021
2026-02-09,014130,-1322330.0,2026-02-09T01:29:37.758178
2026-02-09,014160,99857455.0,2026-02-09T01:29:42.138204
2026-02-09,014190,-56180189.0,2026-02-09T01:29:46.703428
2026-02-09,014280,63022760.0,2026-02-09T01:29:51.001853
2026-02-09,014285,0.0,2026-02-09T01:29:55.281125
2026-02-09,014440,23145805.0,2026-02-09T01:29:59.800755
2026-02-09,003610,-94791340.0,2026-02-09T01:30:04.714039
2026-02-09,014470,91745409.0,2026-02-09T01:30:04.830525
2026-02-09,014530,47518672.0,2026-02-09T01:30:10.003449
2026-02-09,014570,-2351335.0,2026-02-09T01:30:14.782608
2026-02-09,014580,48042215.0,2026-02-09T01:30:19.900318
2026-02-09,014620,452671975.0,2026-02-09T01:30:24.750785
2026-02-09,014680,477209500.0,2026-02-09T01:30:29.609397
2026-02-09,003720,-78872650.0,2026-02-09T01:30:34.484867
2026-02-09,014710,85368455.0,2026-02-09T01:30:34.590287
2026-02-09,014790,28885245.0,2026-02-09T01:30:39.190948
2026-02-09,014820,52916150.0,2026-02-09T01:30:43.564211
2026-02-09,014825,0.0,2026-02-09T01:30:48.431351
2026-02-09,014830,48806500.0,2026-02-09T01:30:53.353738
2026-02-09,003850,-63809500.0,2026-02-09T01:30:57.454069
2026-02-09,014910,73377272.0,2026-02-09T01:30:57.777433
2026-02-09,014915,0.0,2026-02-09T01:31:02.974016
2026-02-09,014940,183810180.0,2026-02-09T01:31:08.167777
2026-02-09,014950,50034440.0,2026-02-09T01:31:12.928207
2026-02-09,014970,22714350.0,2026-02-09T01:31:17.824727
2026-02-09,014990,-15969897.0,2026-02-09T01:31:22.613787
2026-02-09,015020,-428454.0,2026-02-09T01:31:27.297660
2026-02-09,015230,-29242980.0,2026-02-09T01:31:31.787145
2026-02-09,015260,1558069.0,2026-02-09T01:31:36.665504
2026-02-09,015360,14895400.0,2026-02-09T01:31:41.309745
2026-02-09,015590,0.0,2026-02-09T01:31:46.069761
2026-02-09,015710,1080705.0,2026-02-09T01:31:50.580260
2026-02-09,015750,344051050.0,2026-02-09T01:31:55.399965
2026-02-09,015760,-4847057200.0,2026-02-09T01:32:00.307468
2026-02-09,015860,403338585.0,2026-02-09T01:32:05.598239
2026-02-09,015890,18887618.0,2026-02-09T01:32:10.539479
2026-02-09,016090,2610471.0,2026-02-09T01:32:15.310543
2026-02-09,016100,-4402204.0,2026-02-09T01:32:19.851005
2026-02-09,016250,-10192020.0,2026-02-09T01:32:24.508627
2026-02-09,016360,-1907718550.0,2026-02-09T01:32:29.166509
2026-02-09,016380,305923485.0,2026-02-09T01:32:34.001035
2026-02-09,016450,754399.0,2026-02-09T01:32:38.901122
2026-02-09,016580,-2887025.0,2026-02-09T01:32:43.666699
2026-02-09,016590,-182928390.0,2026-02-09T01:32:48.012470
2026-02-09,016600,69368375.0,2026-02-09T01:32:52.582366
2026-02-09,016610,-60984960.0,2026-02-09T01:32:57.315096
2026-02-09,016670,-1768675.0,2026-02-09T01:33:02.635949
2026-02-09,016710,-7812670.0,2026-02-09T01:33:07.487578
2026-02-09,016740,218498085.0,2026-02-09T01:33:12.238008
2026-02-09,016790,0.0,2026-02-09T01:33:16.923891
2026-02-09,016800,-546600.0,2026-02-09T01:33:21.834991
2026-02-09,016880,275674235.0,2026-02-09T01:33:26.614310
2026-02-09,016920,1855193.0,2026-02-09T01:33:31.875569
2026-02-09,017000,-34834925.0,2026-02-09T01:33:36.527875
2026-02-09,017040,131019641.0,2026-02-09T01:33:41.490698
2026-02-09,017180,2304753.0,2026-02-09T01:33:46.070252
2026-02-09,017250,166228.0,2026-02-09T01:33:50.755191
2026-02-09,017370,43751400.0,2026-02-09T01:33:55.196505
2026-02-09,017390,2791100.0,2026-02-09T01:33:59.666586
2026-02-09,017480,159185.0,2026-02-09T01:34:04.367904
2026-02-09,017510,1085098470.0,2026-02-09T01:34:09.376259
2026-02-09,017550,-37767136.0,2026-02-09T01:34:14.126914
2026-02-09,017650,-25141585.0,2026-02-09T01:34:18.881497
2026-02-09,017670,1105815200.0,2026-02-09T01:34:23.833268
2026-02-09,017800,-1675938900.0,2026-02-09T01:34:28.989663
2026-02-09,017810,61218530.0,2026-02-09T01:34:33.985461
2026-02-09,004835,0.0,2026-02-09T01:34:35.262321
2026-02-09,017860,227547180.0,2026-02-09T01:34:38.882061
2026-02-09,017890,286170310.0,2026-02-09T01:34:43.611276
2026-02-09,017900,-68038756.0,2026-02-09T01:34:48.462565
2026-02-09,017940,431479150.0,2026-02-09T01:34:53.064704
2026-02-09,017960,1897141025.0,2026-02-09T01:34:57.550026
2026-02-09,018000,-288017929.0,2026-02-09T01:35:02.779217
