date,code,short_volume,short_value,short_ratio,updated_at
2026-02-09,000020,0.0,0.0,0.0,2026-02-09T01:40:40.388204
2026-02-09,000040,0.0,0.0,0.0,2026-02-09T01:40:45.030583
2026-02-09,000050,0.0,0.0,0.0,2026-02-09T01:40:49.723452
2026-02-09,000070,0.0,0.0,0.0,2026-02-09T01:13:06.314573
2026-02-09,000080,0.0,0.0,0.0,2026-02-09T01:13:11.162749
2026-02-09,000087,0.0,0.0,0.0,2026-02-09T01:13:16.011937
2026-02-09,000100,0.0,0.0,0.0,2026-02-09T01:13:20.577847
2026-02-09,000105,0.0,0.0,0.0,2026-02-09T01:13:25.089998
2026-02-09,000120,0.0,0.0,0.0,2026-02-09T01:13:29.606069
2026-02-09,000140,0.0,0.0,0.0,2026-02-09T01:13:34.432012
2026-02-09,000145,0.0,0.0,0.0,2026-02-09T01:13:39.190288
2026-02-09,000150,0.0,0.0,0.0,2026-02-09T01:13:43.670729
2026-02-09,000155,0.0,0.0,0.0,2026-02-09T01:13:48.360563
2026-02-09,000157,0.0,0.0,0.0,2026-02-09T01:13:53.008458
2026-02-09,000180,0.0,0.0,0.0,2026-02-09T01:13:57.858750
2026-02-09,0001A0,0.0,0.0,0.0,2026-02-09T01:14:02.601684
2026-02-09,000210,0.0,0.0,0.0,2026-02-09T01:14:07.299941
2026-02-09,000215,0.0,0.0,0.0,2026-02-09T01:14:12.287018
2026-02-09,000220,0.0,0.0,0.0,2026-02-09T01:14:16.891011
2026-02-09,000225,0.0,0.0,0.0,2026-02-09T01:14:21.689826
2026-02-09,000227,0.0,0.0,0.0,2026-02-09T01:14:26.766870
2026-02-09,000230,0.0,0.0,0.0,2026-02-09T01:14:31.339466
2026-02-09,000240,0.0,0.0,0.0,2026-02-09T01:14:36.344383
2026-02-09,000250,0.0,0.0,0.0,2026-02-09T01:14:41.098183
2026-02-09,000270,0.0,0.0,0.0,2026-02-09T01:14:45.867285
2026-02-09,000300,0.0,0.0,0.0,2026-02-09T01:14:50.563627
2026-02-09,000320,0.0,0.0,0.0,2026-02-09T01:14:56.690116
2026-02-09,000325,0.0,0.0,0.0,2026-02-09T01:15:01.266268
2026-02-09,000370,0.0,0.0,0.0,2026-02-09T01:15:06.431382
2026-02-09,000390,0.0,0.0,0.0,2026-02-09T01:15:11.661221
2026-02-09,000400,0.0,0.0,0.0,2026-02-09T01:15:16.522469
2026-02-09,000430,0.0,0.0,0.0,2026-02-09T01:15:21.590596
2026-02-09,000440,0.0,0.0,0.0,2026-02-09T01:15:26.436841
2026-02-09,000480,0.0,0.0,0.0,2026-02-09T01:15:31.576690
2026-02-09,000490,0.0,0.0,0.0,2026-02-09T01:15:36.401693
2026-02-09,0004V0,0.0,0.0,0.0,2026-02-09T01:15:41.068769
2026-02-09,0004Y0,0.0,0.0,0.0,2026-02-09T01:15:45.839885
2026-02-09,000500,0.0,0.0,0.0,2026-02-09T01:15:50.797398
2026-02-09,000520,0.0,0.0,0.0,2026-02-09T01:15:55.337510
2026-02-09,000540,0.0,0.0,0.0,2026-02-09T01:16:00.154580
2026-02-09,000545,0.0,0.0,0.0,2026-02-09T01:16:04.961682
2026-02-09,000590,0.0,0.0,0.0,2026-02-09T01:16:09.837243
2026-02-09,000640,0.0,0.0,0.0,2026-02-09T01:16:14.584677
2026-02-09,000650,0.0,0.0,0.0,2026-02-09T01:16:19.311171
2026-02-09,000660,0.0,0.0,0.0,2026-02-09T01:16:24.193929
2026-02-09,000670,0.0,0.0,0.0,2026-02-09T01:16:28.809890
2026-02-09,000680,0.0,0.0,0.0,2026-02-09T01:16:33.462628
2026-02-09,000700,0.0,0.0,0.0,2026-02-09T01:16:38.256650
2026-02-09,000720,0.0,0.0,0.0,2026-02-09T01:16:42.784284
2026-02-09,000725,0.0,0.0,0.0,2026-02-09T01:16:47.349839
2026-02-09,000760,0.0,0.0,0.0,2026-02-09T01:16:52.112046
2026-02-09,0007C0,0.0,0.0,0.0,2026-02-09T01:16:56.463532
2026-02-09,000810,0.0,0.0,0.0,2026-02-09T01:17:01.173569
2026-02-09,000815,0.0,0.0,0.0,2026-02-09T01:17:06.110943
2026-02-09,000850,0.0,0.0,0.0,2026-02-09T01:17:11.152438
2026-02-09,000860,0.0,0.0,0.0,2026-02-09T01:17:15.893186
2026-02-09,000880,0.0,0.0,0.0,2026-02-09T01:17:20.336190
2026-02-09,00088K,0.0,0.0,0.0,2026-02-09T01:17:24.893142
2026-02-09,000890,0.0,0.0,0.0,2026-02-09T01:17:29.406127
2026-02-09,0008Z0,0.0,0.0,0.0,2026-02-09T01:17:34.070402
2026-02-09,000910,0.0,0.0,0.0,2026-02-09T01:17:38.519448
2026-02-09,000950,0.0,0.0,0.0,2026-02-09T01:17:43.111097
2026-02-09,000970,0.0,0.0,0.0,2026-02-09T01:17:47.893596
2026-02-09,000990,0.0,0.0,0.0,2026-02-09T01:17:52.440210
2026-02-09,0009K0,0.0,0.0,0.0,2026-02-09T01:17:58.547098
2026-02-09,001000,0.0,0.0,0.0,2026-02-09T01:18:03.565629
2026-02-09,001020,0.0,0.0,0.0,2026-02-09T01:18:08.280532
2026-02-09,001040,0.0,0.0,0.0,2026-02-09T01:18:13.308075
2026-02-09,001045,0.0,0.0,0.0,2026-02-09T01:18:18.170959
2026-02-09,00104K,0.0,0.0,0.0,2026-02-09T01:18:24.387284
2026-02-09,001060,0.0,0.0,0.0,2026-02-09T01:18:29.060136
2026-02-09,001065,0.0,0.0,0.0,2026-02-09T01:18:33.776972
2026-02-09,001067,0.0,0.0,0.0,2026-02-09T01:18:38.709958
2026-02-09,001070,0.0,0.0,0.0,2026-02-09T01:18:43.230880
2026-02-09,001080,0.0,0.0,0.0,2026-02-09T01:18:47.779416
2026-02-09,0010V0,0.0,0.0,0.0,2026-02-09T01:18:52.406641
2026-02-09,001120,0.0,0.0,0.0,2026-02-09T01:18:56.967469
2026-02-09,001130,0.0,0.0,0.0,2026-02-09T01:19:01.960659
2026-02-09,001200,0.0,0.0,0.0,2026-02-09T01:19:06.913191
2026-02-09,001210,0.0,0.0,0.0,2026-02-09T01:19:12.202340
2026-02-09,001230,0.0,0.0,0.0,2026-02-09T01:19:16.770352
2026-02-09,001250,0.0,0.0,0.0,2026-02-09T01:19:21.516445
2026-02-09,001260,0.0,0.0,0.0,2026-02-09T01:19:26.361676
2026-02-09,001270,0.0,0.0,0.0,2026-02-09T01:19:31.109474
2026-02-09,001275,0.0,0.0,0.0,2026-02-09T01:19:35.978842
2026-02-09,001290,0.0,0.0,0.0,2026-02-09T01:19:40.614201
2026-02-09,001340,0.0,0.0,0.0,2026-02-09T01:19:44.942313
2026-02-09,001360,0.0,0.0,0.0,2026-02-09T01:19:49.434163
2026-02-09,001380,0.0,0.0,0.0,2026-02-09T01:19:54.037246
2026-02-09,001390,0.0,0.0,0.0,2026-02-09T01:19:58.868495
2026-02-09,0013V0,0.0,0.0,0.0,2026-02-09T01:20:04.205007
2026-02-09,001420,0.0,0.0,0.0,2026-02-09T01:20:08.929461
2026-02-09,001430,0.0,0.0,0.0,2026-02-09T01:20:13.678756
2026-02-09,001440,0.0,0.0,0.0,2026-02-09T01:20:18.530629
2026-02-09,001450,0.0,0.0,0.0,2026-02-09T01:20:23.571147
2026-02-09,001460,0.0,0.0,0.0,2026-02-09T01:20:28.142765
2026-02-09,001465,0.0,0.0,0.0,2026-02-09T01:20:32.637219
2026-02-09,001470,0.0,0.0,0.0,2026-02-09T01:20:37.307007
2026-02-09,001500,0.0,0.0,0.0,2026-02-09T01:20:42.360500
2026-02-09,001510,0.0,0.0,0.0,2026-02-09T01:20:46.918770
2026-02-09,001515,0.0,0.0,0.0,2026-02-09T01:20:51.746154
2026-02-09,001520,0.0,0.0,0.0,2026-02-09T01:20:56.309660
2026-02-09,001525,0.0,0.0,0.0,2026-02-09T01:21:01.067774
2026-02-09,001527,0.0,0.0,0.0,2026-02-09T01:21:06.142085
2026-02-09,001530,0.0,0.0,0.0,2026-02-09T01:21:11.014897
2026-02-09,001540,0.0,0.0,0.0,2026-02-09T01:21:15.765897
2026-02-09,001550,0.0,0.0,0.0,2026-02-09T01:21:20.407764
2026-02-09,001560,0.0,0.0,0.0,2026-02-09T01:21:24.950452
2026-02-09,001570,0.0,0.0,0.0,2026-02-09T01:21:29.515212
2026-02-09,0015G0,0.0,0.0,0.0,2026-02-09T01:21:34.441002
2026-02-09,0015N0,0.0,0.0,0.0,2026-02-09T01:21:39.316917
2026-02-09,0015S0,0.0,0.0,0.0,2026-02-09T01:21:44.276664
2026-02-09,001620,0.0,0.0,0.0,2026-02-09T01:21:48.963956
2026-02-09,001630,0.0,0.0,0.0,2026-02-09T01:21:53.480704
2026-02-09,001680,0.0,0.0,0.0,2026-02-09T01:21:57.987518
2026-02-09,001685,0.0,0.0,0.0,2026-02-09T01:22:02.921750
2026-02-09,001720,0.0,0.0,0.0,2026-02-09T01:22:07.603111
2026-02-09,001740,0.0,0.0,0.0,2026-02-09T01:22:12.272853
2026-02-09,001750,0.0,0.0,0.0,2026-02-09T01:22:17.254673
2026-02-09,001755,0.0,0.0,0.0,2026-02-09T01:22:21.488997
2026-02-09,001770,0.0,0.0,0.0,2026-02-09T01:22:26.250486
2026-02-09,001780,0.0,0.0,0.0,2026-02-09T01:22:31.005221
2026-02-09,001790,0.0,0.0,0.0,2026-02-09T01:22:35.772086
2026-02-09,001795,0.0,0.0,0.0,2026-02-09T01:22:40.489836
2026-02-09,001800,0.0,0.0,0.0,2026-02-09T01:22:45.173654
2026-02-09,001810,0.0,0.0,0.0,2026-02-09T01:22:49.903517
2026-02-09,001820,0.0,0.0,0.0,2026-02-09T01:22:54.638650
2026-02-09,001840,0.0,0.0,0.0,2026-02-09T01:22:59.370756
2026-02-09,001940,0.0,0.0,0.0,2026-02-09T01:23:03.849923
2026-02-09,002020,0.0,0.0,0.0,2026-02-09T01:23:08.677782
2026-02-09,002025,0.0,0.0,0.0,2026-02-09T01:23:13.121526
2026-02-09,002030,0.0,0.0,0.0,2026-02-09T01:23:17.517900
2026-02-09,002070,0.0,0.0,0.0,2026-02-09T01:23:22.000528
2026-02-09,002100,0.0,0.0,0.0,2026-02-09T01:23:28.159420
2026-02-09,002140,0.0,0.0,0.0,2026-02-09T01:23:32.918331
2026-02-09,002150,0.0,0.0,0.0,2026-02-09T01:23:37.343920
2026-02-09,002170,0.0,0.0,0.0,2026-02-09T01:23:42.462550
2026-02-09,002200,0.0,0.0,0.0,2026-02-09T01:23:47.116627
2026-02-09,002210,0.0,0.0,0.0,2026-02-09T01:23:51.884783
2026-02-09,002220,0.0,0.0,0.0,2026-02-09T01:23:56.600868
2026-02-09,002230,0.0,0.0,0.0,2026-02-09T01:24:01.014392
2026-02-09,002240,0.0,0.0,0.0,2026-02-09T01:24:05.957612
2026-02-09,002290,0.0,0.0,0.0,2026-02-09T01:24:10.908048
2026-02-09,002310,0.0,0.0,0.0,2026-02-09T01:24:15.829163
2026-02-09,002320,0.0,0.0,0.0,2026-02-09T01:24:20.567114
2026-02-09,002350,0.0,0.0,0.0,2026-02-09T01:24:25.270529
2026-02-09,002355,0.0,0.0,0.0,2026-02-09T01:24:29.988837
2026-02-09,002360,0.0,0.0,0.0,2026-02-09T01:24:35.004029
2026-02-09,002380,0.0,0.0,0.0,2026-02-09T01:24:39.519759
2026-02-09,002390,0.0,0.0,0.0,2026-02-09T01:24:44.026492
2026-02-09,002410,0.0,0.0,0.0,2026-02-09T01:24:48.485673
2026-02-09,002420,0.0,0.0,0.0,2026-02-09T01:24:52.693837
2026-02-09,002450,0.0,0.0,0.0,2026-02-09T01:24:57.170595
2026-02-09,002460,0.0,0.0,0.0,2026-02-09T01:25:01.981869
2026-02-09,002600,0.0,0.0,0.0,2026-02-09T01:25:06.564968
2026-02-09,002630,0.0,0.0,0.0,2026-02-09T01:25:17.267891
2026-02-09,002680,0.0,0.0,0.0,2026-02-09T01:25:22.027610
2026-02-09,002690,0.0,0.0,0.0,2026-02-09T01:25:26.516064
2026-02-09,002700,0.0,0.0,0.0,2026-02-09T01:25:30.948219
2026-02-09,002710,0.0,0.0,0.0,2026-02-09T01:25:35.699715
2026-02-09,002720,0.0,0.0,0.0,2026-02-09T01:25:40.389792
2026-02-09,002760,0.0,0.0,0.0,2026-02-09T01:25:44.988623
2026-02-09,002780,0.0,0.0,0.0,2026-02-09T01:25:49.790230
2026-02-09,002785,0.0,0.0,0.0,2026-02-09T01:25:54.186847
2026-02-09,002787,0.0,0.0,0.0,2026-02-09T01:25:58.693218
2026-02-09,002790,0.0,0.0,0.0,2026-02-09T01:26:03.635132
2026-02-09,002795,0.0,0.0,0.0,2026-02-09T01:26:08.449892
2026-02-09,00279K,0.0,0.0,0.0,2026-02-09T01:26:13.163044
2026-02-09,002800,0.0,0.0,0.0,2026-02-09T01:26:17.723133
2026-02-09,002810,0.0,0.0,0.0,2026-02-09T01:26:22.344193
2026-02-09,002820,0.0,0.0,0.0,2026-02-09T01:26:26.929315
2026-02-09,002840,0.0,0.0,0.0,2026-02-09T01:26:31.445451
2026-02-09,002870,0.0,0.0,0.0,2026-02-09T01:26:35.973587
2026-02-09,002880,0.0,0.0,0.0,2026-02-09T01:26:40.530627
2026-02-09,002900,0.0,0.0,0.0,2026-02-09T01:26:45.240714
2026-02-09,002920,0.0,0.0,0.0,2026-02-09T01:26:49.753848
2026-02-09,002960,0.0,0.0,0.0,2026-02-09T01:26:54.135558
2026-02-09,002990,0.0,0.0,0.0,2026-02-09T01:26:58.623661
2026-02-09,002995,0.0,0.0,0.0,2026-02-09T01:27:03.573225
2026-02-09,003000,0.0,0.0,0.0,2026-02-09T01:27:08.451175
2026-02-09,003010,0.0,0.0,0.0,2026-02-09T01:27:13.242047
2026-02-09,003060,0.0,0.0,0.0,2026-02-09T01:27:22.518277
2026-02-09,003070,0.0,0.0,0.0,2026-02-09T01:27:27.112270
2026-02-09,003075,0.0,0.0,0.0,2026-02-09T01:27:31.706882
2026-02-09,003080,0.0,0.0,0.0,2026-02-09T01:27:36.299649
2026-02-09,003090,0.0,0.0,0.0,2026-02-09T01:27:40.508552
2026-02-09,0030R0,0.0,0.0,0.0,2026-02-09T01:27:45.104029
2026-02-09,003100,0.0,0.0,0.0,2026-02-09T01:27:49.636449
2026-02-09,003120,0.0,0.0,0.0,2026-02-09T01:27:53.915465
2026-02-09,003160,0.0,0.0,0.0,2026-02-09T01:27:58.557481
2026-02-09,003200,0.0,0.0,0.0,2026-02-09T01:28:03.449135
2026-02-09,003220,0.0,0.0,0.0,2026-02-09T01:28:08.280379
2026-02-09,003230,0.0,0.0,0.0,2026-02-09T01:28:12.844761
2026-02-09,003240,0.0,0.0,0.0,2026-02-09T01:28:17.300739
2026-02-09,003280,0.0,0.0,0.0,2026-02-09T01:28:22.192561
2026-02-09,003300,0.0,0.0,0.0,2026-02-09T01:28:26.822996
2026-02-09,003350,0.0,0.0,0.0,2026-02-09T01:28:35.772561
2026-02-09,003380,0.0,0.0,0.0,2026-02-09T01:28:40.439148
2026-02-09,003460,0.0,0.0,0.0,2026-02-09T01:28:45.342174
2026-02-09,003465,0.0,0.0,0.0,2026-02-09T01:28:49.634022
2026-02-09,003470,0.0,0.0,0.0,2026-02-09T01:28:54.119532
2026-02-09,003475,0.0,0.0,0.0,2026-02-09T01:28:58.737361
2026-02-09,003480,0.0,0.0,0.0,2026-02-09T01:29:03.602344
2026-02-09,003490,0.0,0.0,0.0,2026-02-09T01:29:08.416774
2026-02-09,003495,0.0,0.0,0.0,2026-02-09T01:29:12.843508
2026-02-09,003520,0.0,0.0,0.0,2026-02-09T01:29:17.736378
2026-02-09,003530,0.0,0.0,0.0,2026-02-09T01:29:22.507801
2026-02-09,003535,0.0,0.0,0.0,2026-02-09T01:29:27.272111
2026-02-09,003540,0.0,0.0,0.0,2026-02-09T01:29:31.612980
2026-02-09,003545,0.0,0.0,0.0,2026-02-09T01:29:36.383259
2026-02-09,003547,0.0,0.0,0.0,2026-02-09T01:29:40.589510
2026-02-09,003550,0.0,0.0,0.0,2026-02-09T01:29:44.932347
2026-02-09,003555,0.0,0.0,0.0,2026-02-09T01:29:49.295135
2026-02-09,003570,0.0,0.0,0.0,2026-02-09T01:29:53.652068
2026-02-09,003580,0.0,0.0,0.0,2026-02-09T01:29:58.206710
2026-02-09,003620,0.0,0.0,0.0,2026-02-09T01:30:09.967641
2026-02-09,003650,0.0,0.0,0.0,2026-02-09T01:30:14.753370
2026-02-09,003670,0.0,0.0,0.0,2026-02-09T01:30:19.726523
2026-02-09,003680,0.0,0.0,0.0,2026-02-09T01:30:24.363683
2026-02-09,003690,0.0,0.0,0.0,2026-02-09T01:30:29.521194
2026-02-09,003780,0.0,0.0,0.0,2026-02-09T01:30:39.316507
2026-02-09,0037T0,0.0,0.0,0.0,2026-02-09T01:30:43.787597
2026-02-09,003800,0.0,0.0,0.0,2026-02-09T01:30:48.371513
2026-02-09,003830,0.0,0.0,0.0,2026-02-09T01:30:52.684886
2026-02-09,003920,0.0,0.0,0.0,2026-02-09T01:31:02.454051
2026-02-09,003925,0.0,0.0,0.0,2026-02-09T01:31:07.667556
2026-02-09,003960,0.0,0.0,0.0,2026-02-09T01:31:12.922991
2026-02-09,004000,0.0,0.0,0.0,2026-02-09T01:31:17.861944
2026-02-09,004020,0.0,0.0,0.0,2026-02-09T01:31:22.589475
2026-02-09,004060,0.0,0.0,0.0,2026-02-09T01:31:29.157550
2026-02-09,004080,0.0,0.0,0.0,2026-02-09T01:31:33.984616
2026-02-09,004090,0.0,0.0,0.0,2026-02-09T01:31:38.756644
2026-02-09,004100,0.0,0.0,0.0,2026-02-09T01:31:43.589959
2026-02-09,004105,0.0,0.0,0.0,2026-02-09T01:31:47.990707
2026-02-09,004140,0.0,0.0,0.0,2026-02-09T01:31:52.694329
2026-02-09,004150,0.0,0.0,0.0,2026-02-09T01:31:57.349248
2026-02-09,004170,0.0,0.0,0.0,2026-02-09T01:32:02.229883
2026-02-09,0041B0,0.0,0.0,0.0,2026-02-09T01:32:07.324395
2026-02-09,0041J0,0.0,0.0,0.0,2026-02-09T01:32:11.981372
2026-02-09,0041L0,0.0,0.0,0.0,2026-02-09T01:32:16.735978
2026-02-09,004250,0.0,0.0,0.0,2026-02-09T01:32:21.429661
2026-02-09,004255,0.0,0.0,0.0,2026-02-09T01:32:26.053670
2026-02-09,004270,0.0,0.0,0.0,2026-02-09T01:32:30.936970
2026-02-09,004310,0.0,0.0,0.0,2026-02-09T01:32:35.614577
2026-02-09,004360,0.0,0.0,0.0,2026-02-09T01:32:40.103870
2026-02-09,004365,0.0,0.0,0.0,2026-02-09T01:32:44.986153
2026-02-09,004370,0.0,0.0,0.0,2026-02-09T01:32:49.624178
2026-02-09,004380,0.0,0.0,0.0,2026-02-09T01:32:54.012305
2026-02-09,004410,0.0,0.0,0.0,2026-02-09T01:32:58.730926
2026-02-09,004415,0.0,0.0,0.0,2026-02-09T01:33:03.678945
2026-02-09,004430,0.0,0.0,0.0,2026-02-09T01:33:09.310215
2026-02-09,004440,0.0,0.0,0.0,2026-02-09T01:33:14.295744
2026-02-09,004450,0.0,0.0,0.0,2026-02-09T01:33:19.000867
2026-02-09,004490,0.0,0.0,0.0,2026-02-09T01:33:23.489614
2026-02-09,0044K0,0.0,0.0,0.0,2026-02-09T01:33:28.488142
2026-02-09,004540,0.0,0.0,0.0,2026-02-09T01:33:33.426690
2026-02-09,004545,0.0,0.0,0.0,2026-02-09T01:33:38.439599
2026-02-09,004560,0.0,0.0,0.0,2026-02-09T01:33:43.339634
2026-02-09,004590,0.0,0.0,0.0,2026-02-09T01:33:47.860649
2026-02-09,004650,0.0,0.0,0.0,2026-02-09T01:33:52.557774
2026-02-09,004690,0.0,0.0,0.0,2026-02-09T01:33:57.101707
2026-02-09,004700,0.0,0.0,0.0,2026-02-09T01:34:01.789707
2026-02-09,004710,0.0,0.0,0.0,2026-02-09T01:34:06.711732
2026-02-09,004720,0.0,0.0,0.0,2026-02-09T01:34:11.380002
2026-02-09,004770,0.0,0.0,0.0,2026-02-09T01:34:16.445913
2026-02-09,004780,0.0,0.0,0.0,2026-02-09T01:34:21.080572
2026-02-09,004800,0.0,0.0,0.0,2026-02-09T01:34:25.763029
2026-02-09,004830,0.0,0.0,0.0,2026-02-09T01:34:30.406671
2026-02-09,004840,0.0,0.0,0.0,2026-02-09T01:34:40.000569
2026-02-09,004870,0.0,0.0,0.0,2026-02-09T01:34:44.430035
2026-02-09,004890,0.0,0.0,0.0,2026-02-09T01:34:49.222485
2026-02-09,004910,0.0,0.0,0.0,2026-02-09T01:34:54.327220
2026-02-09,004920,0.0,0.0,0.0,2026-02-09T01:34:58.922198
2026-02-09,004960,0.0,0.0,0.0,2026-02-09T01:35:03.944988
2026-02-09,004970,0.0,0.0,0.0,2026-02-09T01:07:58.486226
2026-02-09,004980,0.0,0.0,0.0,2026-02-09T01:08:03.348841
2026-02-09,004985,0.0,0.0,0.0,2026-02-09T01:08:08.079257
2026-02-09,004990,0.0,0.0,0.0,2026-02-09T01:08:12.994694
2026-02-09,00499K,0.0,0.0,0.0,2026-02-09T01:08:17.552840
2026-02-09,005010,0.0,0.0,0.0,2026-02-09T01:08:22.236099
2026-02-09,005030,0.0,0.0,0.0,2026-02-09T01:08:27.067379
2026-02-09,005070,0.0,0.0,0.0,2026-02-09T01:08:31.592184
2026-02-09,005090,0.0,0.0,0.0,2026-02-09T01:08:36.369270
2026-02-09,005110,0.0,0.0,0.0,2026-02-09T01:08:41.243073
2026-02-09,005160,0.0,0.0,0.0,2026-02-09T01:08:45.922282
2026-02-09,005180,0.0,0.0,0.0,2026-02-09T01:08:51.018843
2026-02-09,005250,0.0,0.0,0.0,2026-02-09T01:08:55.610668
2026-02-09,005257,0.0,0.0,0.0,2026-02-09T01:09:00.217796
2026-02-09,005290,0.0,0.0,0.0,2026-02-09T01:09:05.008201
2026-02-09,005300,0.0,0.0,0.0,2026-02-09T01:09:09.569045
2026-02-09,005305,0.0,0.0,0.0,2026-02-09T01:09:14.508084
2026-02-09,005320,0.0,0.0,0.0,2026-02-09T01:09:18.980118
2026-02-09,005360,0.0,0.0,0.0,2026-02-09T01:09:23.405167
2026-02-09,005380,0.0,0.0,0.0,2026-02-09T01:09:28.047943
2026-02-09,005385,0.0,0.0,0.0,2026-02-09T01:09:32.654468
2026-02-09,005387,0.0,0.0,0.0,2026-02-09T01:09:37.215601
2026-02-09,005389,0.0,0.0,0.0,2026-02-09T01:09:41.836800
2026-02-09,005420,0.0,0.0,0.0,2026-02-09T01:09:46.173384
2026-02-09,005430,0.0,0.0,0.0,2026-02-09T01:09:50.833128
2026-02-09,005440,0.0,0.0,0.0,2026-02-09T01:09:55.276591
2026-02-09,005490,0.0,0.0,0.0,2026-02-09T01:09:59.653460
2026-02-09,0054V0,0.0,0.0,0.0,2026-02-09T01:10:04.650844
2026-02-09,005500,0.0,0.0,0.0,2026-02-09T01:10:09.360872
2026-02-09,005610,0.0,0.0,0.0,2026-02-09T01:10:14.135390
2026-02-09,005670,0.0,0.0,0.0,2026-02-09T01:10:18.727404
2026-02-09,005680,0.0,0.0,0.0,2026-02-09T01:10:23.556657
2026-02-09,005690,0.0,0.0,0.0,2026-02-09T01:10:28.292433
2026-02-09,005710,0.0,0.0,0.0,2026-02-09T01:10:33.136141
2026-02-09,005720,0.0,0.0,0.0,2026-02-09T01:10:37.843166
2026-02-09,005725,0.0,0.0,0.0,2026-02-09T01:10:42.405782
2026-02-09,005740,0.0,0.0,0.0,2026-02-09T01:10:47.342125
2026-02-09,005745,0.0,0.0,0.0,2026-02-09T01:10:51.633263
2026-02-09,005750,0.0,0.0,0.0,2026-02-09T01:10:56.433741
2026-02-09,005800,0.0,0.0,0.0,2026-02-09T01:11:01.285573
2026-02-09,005810,0.0,0.0,0.0,2026-02-09T01:11:05.955172
2026-02-09,005820,0.0,0.0,0.0,2026-02-09T01:11:10.916591
2026-02-09,005830,0.0,0.0,0.0,2026-02-09T01:11:15.639163
2026-02-09,005850,0.0,0.0,0.0,2026-02-09T01:11:20.387899
2026-02-09,005860,0.0,0.0,0.0,2026-02-09T01:11:25.053237
2026-02-09,005870,0.0,0.0,0.0,2026-02-09T01:11:30.013607
2026-02-09,005880,0.0,0.0,0.0,2026-02-09T01:11:35.044834
2026-02-09,005930,0.0,0.0,0.0,2026-02-09T01:11:39.586171
2026-02-09,005935,0.0,0.0,0.0,2026-02-09T01:11:44.503280
2026-02-09,005940,0.0,0.0,0.0,2026-02-09T01:11:49.074702
2026-02-09,005950,0.0,0.0,0.0,2026-02-09T01:11:54.591988
2026-02-09,005960,0.0,0.0,0.0,2026-02-09T01:11:58.985624
2026-02-09,005965,0.0,0.0,0.0,2026-02-09T01:12:03.911554
2026-02-09,005990,0.0,0.0,0.0,2026-02-09T01:12:09.083601
2026-02-09,006040,0.0,0.0,0.0,2026-02-09T01:12:13.965853
2026-02-09,006060,0.0,0.0,0.0,2026-02-09T01:12:20.713583
2026-02-09,006090,0.0,0.0,0.0,2026-02-09T01:12:25.584632
2026-02-09,006110,0.0,0.0,0.0,2026-02-09T01:12:30.468687
2026-02-09,006120,0.0,0.0,0.0,2026-02-09T01:12:35.072866
2026-02-09,006125,0.0,0.0,0.0,2026-02-09T01:12:39.641177
2026-02-09,006140,0.0,0.0,0.0,2026-02-09T01:12:44.314288
2026-02-09,006200,0.0,0.0,0.0,2026-02-09T01:12:49.703057
2026-02-09,006220,0.0,0.0,0.0,2026-02-09T01:12:54.193834
2026-02-09,006260,0.0,0.0,0.0,2026-02-09T01:12:58.932073
2026-02-09,006280,0.0,0.0,0.0,2026-02-09T01:13:03.917959
2026-02-09,006340,0.0,0.0,0.0,2026-02-09T01:13:08.817090
2026-02-09,006345,0.0,0.0,0.0,2026-02-09T01:13:13.462754
2026-02-09,006370,0.0,0.0,0.0,2026-02-09T01:13:20.270564
2026-02-09,006380,0.0,0.0,0.0,2026-02-09T01:13:24.594385
2026-02-09,006400,0.0,0.0,0.0,2026-02-09T01:13:29.511881
2026-02-09,006405,0.0,0.0,0.0,2026-02-09T01:13:34.253099
2026-02-09,006490,0.0,0.0,0.0,2026-02-09T01:13:38.878874
2026-02-09,006570,0.0,0.0,0.0,2026-02-09T01:13:43.484130
2026-02-09,006620,0.0,0.0,0.0,2026-02-09T01:13:47.982934
2026-02-09,006650,0.0,0.0,0.0,2026-02-09T01:13:52.895115
2026-02-09,006660,0.0,0.0,0.0,2026-02-09T01:13:57.572369
2026-02-09,006730,0.0,0.0,0.0,2026-02-09T01:14:02.224510
2026-02-09,006740,0.0,0.0,0.0,2026-02-09T01:14:07.255129
2026-02-09,006800,0.0,0.0,0.0,2026-02-09T01:14:11.991994
2026-02-09,006805,0.0,0.0,0.0,2026-02-09T01:14:16.866595
2026-02-09,00680K,0.0,0.0,0.0,2026-02-09T01:14:22.951978
2026-02-09,006840,0.0,0.0,0.0,2026-02-09T01:14:27.825603
2026-02-09,006880,0.0,0.0,0.0,2026-02-09T01:14:32.452797
2026-02-09,006890,0.0,0.0,0.0,2026-02-09T01:14:36.969140
2026-02-09,0068Y0,0.0,0.0,0.0,2026-02-09T01:14:41.639518
2026-02-09,006910,0.0,0.0,0.0,2026-02-09T01:14:46.501125
2026-02-09,006920,0.0,0.0,0.0,2026-02-09T01:14:51.149466
2026-02-09,006980,0.0,0.0,0.0,2026-02-09T01:14:55.717677
2026-02-09,007070,0.0,0.0,0.0,2026-02-09T01:15:00.508426
2026-02-09,007110,0.0,0.0,0.0,2026-02-09T01:15:05.510938
2026-02-09,007120,0.0,0.0,0.0,2026-02-09T01:15:11.006847
2026-02-09,007160,0.0,0.0,0.0,2026-02-09T01:15:15.519986
2026-02-09,0071M0,0.0,0.0,0.0,2026-02-09T01:15:20.226607
2026-02-09,007210,0.0,0.0,0.0,2026-02-09T01:15:24.898257
2026-02-09,007280,0.0,0.0,0.0,2026-02-09T01:15:29.761108
2026-02-09,0072Z0,0.0,0.0,0.0,2026-02-09T01:15:34.614036
2026-02-09,007310,0.0,0.0,0.0,2026-02-09T01:15:39.540648
2026-02-09,007330,0.0,0.0,0.0,2026-02-09T01:15:44.033300
2026-02-09,007340,0.0,0.0,0.0,2026-02-09T01:15:48.987713
2026-02-09,007370,0.0,0.0,0.0,2026-02-09T01:15:53.541966
2026-02-09,007390,0.0,0.0,0.0,2026-02-09T01:15:58.222111
2026-02-09,007460,0.0,0.0,0.0,2026-02-09T01:16:03.477378
2026-02-09,007530,0.0,0.0,0.0,2026-02-09T01:16:08.538079
2026-02-09,007540,0.0,0.0,0.0,2026-02-09T01:16:13.723838
2026-02-09,007570,0.0,0.0,0.0,2026-02-09T01:16:18.334852
2026-02-09,007575,0.0,0.0,0.0,2026-02-09T01:16:23.513904
2026-02-09,007590,0.0,0.0,0.0,2026-02-09T01:16:28.338603
2026-02-09,007610,0.0,0.0,0.0,2026-02-09T01:16:32.777697
2026-02-09,007660,0.0,0.0,0.0,2026-02-09T01:16:37.756880
2026-02-09,007680,0.0,0.0,0.0,2026-02-09T01:16:42.517829
2026-02-09,007690,0.0,0.0,0.0,2026-02-09T01:16:47.245202
2026-02-09,007700,0.0,0.0,0.0,2026-02-09T01:16:51.977270
2026-02-09,007720,0.0,0.0,0.0,2026-02-09T01:16:56.352600
2026-02-09,007770,0.0,0.0,0.0,2026-02-09T01:17:00.864329
2026-02-09,007810,0.0,0.0,0.0,2026-02-09T01:17:05.787704
2026-02-09,007815,0.0,0.0,0.0,2026-02-09T01:17:10.509664
2026-02-09,00781K,0.0,0.0,0.0,2026-02-09T01:17:15.060314
2026-02-09,007820,0.0,0.0,0.0,2026-02-09T01:17:19.884520
2026-02-09,007860,0.0,0.0,0.0,2026-02-09T01:17:24.439668
2026-02-09,007980,0.0,0.0,0.0,2026-02-09T01:17:29.057217
2026-02-09,008040,0.0,0.0,0.0,2026-02-09T01:17:33.627225
2026-02-09,008060,0.0,0.0,0.0,2026-02-09T01:17:38.194065
2026-02-09,00806K,0.0,0.0,0.0,2026-02-09T01:17:42.721069
2026-02-09,008110,0.0,0.0,0.0,2026-02-09T01:17:47.347113
2026-02-09,008250,0.0,0.0,0.0,2026-02-09T01:17:51.974158
2026-02-09,008260,0.0,0.0,0.0,2026-02-09T01:17:56.589600
2026-02-09,008350,0.0,0.0,0.0,2026-02-09T01:18:05.068404
2026-02-09,008355,0.0,0.0,0.0,2026-02-09T01:18:09.683311
2026-02-09,008370,0.0,0.0,0.0,2026-02-09T01:18:14.535483
2026-02-09,008420,0.0,0.0,0.0,2026-02-09T01:18:19.288201
2026-02-09,008470,0.0,0.0,0.0,2026-02-09T01:18:23.765541
2026-02-09,008490,0.0,0.0,0.0,2026-02-09T01:18:28.266577
2026-02-09,008500,0.0,0.0,0.0,2026-02-09T01:18:33.283673
2026-02-09,008600,0.0,0.0,0.0,2026-02-09T01:18:37.879939
2026-02-09,008700,0.0,0.0,0.0,2026-02-09T01:18:42.725715
2026-02-09,008730,0.0,0.0,0.0,2026-02-09T01:18:47.451586
2026-02-09,008770,0.0,0.0,0.0,2026-02-09T01:18:52.271210
2026-02-09,008775,0.0,0.0,0.0,2026-02-09T01:18:56.955377
2026-02-09,008830,0.0,0.0,0.0,2026-02-09T01:19:01.621801
2026-02-09,0088D0,0.0,0.0,0.0,2026-02-09T01:19:10.601202
2026-02-09,008930,0.0,0.0,0.0,2026-02-09T01:19:15.205087
2026-02-09,008970,0.0,0.0,0.0,2026-02-09T01:19:19.974291
2026-02-09,009070,0.0,0.0,0.0,2026-02-09T01:19:24.765668
2026-02-09,009140,0.0,0.0,0.0,2026-02-09T01:19:29.287764
2026-02-09,009150,0.0,0.0,0.0,2026-02-09T01:19:33.881216
2026-02-09,009155,0.0,0.0,0.0,2026-02-09T01:19:38.542370
2026-02-09,009160,0.0,0.0,0.0,2026-02-09T01:19:43.304829
2026-02-09,009180,0.0,0.0,0.0,2026-02-09T01:19:47.550123
2026-02-09,009190,0.0,0.0,0.0,2026-02-09T01:19:52.049662
2026-02-09,0091W0,0.0,0.0,0.0,2026-02-09T01:19:56.845118
2026-02-09,009200,0.0,0.0,0.0,2026-02-09T01:20:01.785171
2026-02-09,009240,0.0,0.0,0.0,2026-02-09T01:20:06.727612
2026-02-09,009270,0.0,0.0,0.0,2026-02-09T01:20:11.678794
2026-02-09,009290,0.0,0.0,0.0,2026-02-09T01:20:17.490544
2026-02-09,009300,0.0,0.0,0.0,2026-02-09T01:20:22.994220
2026-02-09,009310,0.0,0.0,0.0,2026-02-09T01:20:27.433784
2026-02-09,009320,0.0,0.0,0.0,2026-02-09T01:20:32.180033
2026-02-09,0093G0,0.0,0.0,0.0,2026-02-09T01:20:37.045559
2026-02-09,009410,0.0,0.0,0.0,2026-02-09T01:20:41.899777
2026-02-09,009415,0.0,0.0,0.0,2026-02-09T01:20:46.569594
2026-02-09,009420,0.0,0.0,0.0,2026-02-09T01:20:51.219419
2026-02-09,009440,0.0,0.0,0.0,2026-02-09T01:20:56.013647
2026-02-09,009450,0.0,0.0,0.0,2026-02-09T01:21:00.402696
2026-02-09,009460,0.0,0.0,0.0,2026-02-09T01:21:05.552159
2026-02-09,009470,0.0,0.0,0.0,2026-02-09T01:21:10.051826
2026-02-09,009520,0.0,0.0,0.0,2026-02-09T01:21:14.633498
2026-02-09,009540,0.0,0.0,0.0,2026-02-09T01:21:19.469187
2026-02-09,009580,0.0,0.0,0.0,2026-02-09T01:21:24.202648
2026-02-09,009620,0.0,0.0,0.0,2026-02-09T01:21:28.957245
2026-02-09,009680,0.0,0.0,0.0,2026-02-09T01:21:33.921544
2026-02-09,0096B0,0.0,0.0,0.0,2026-02-09T01:21:38.299518
2026-02-09,0096D0,0.0,0.0,0.0,2026-02-09T01:21:43.087878
2026-02-09,009730,0.0,0.0,0.0,2026-02-09T01:21:47.723084
2026-02-09,009770,0.0,0.0,0.0,2026-02-09T01:21:52.284032
2026-02-09,009780,0.0,0.0,0.0,2026-02-09T01:21:56.791687
2026-02-09,0097F0,0.0,0.0,0.0,2026-02-09T01:22:01.369768
2026-02-09,009810,0.0,0.0,0.0,2026-02-09T01:22:06.154909
2026-02-09,009830,0.0,0.0,0.0,2026-02-09T01:22:10.756476
2026-02-09,009835,0.0,0.0,0.0,2026-02-09T01:22:15.439904
2026-02-09,0098T0,0.0,0.0,0.0,2026-02-09T01:22:19.974576
2026-02-09,009900,0.0,0.0,0.0,2026-02-09T01:22:24.711704
2026-02-09,009970,0.0,0.0,0.0,2026-02-09T01:22:29.353824
2026-02-09,0099W0,0.0,0.0,0.0,2026-02-09T01:22:33.902782
2026-02-09,0099X0,0.0,0.0,0.0,2026-02-09T01:22:38.834460
2026-02-09,010040,0.0,0.0,0.0,2026-02-09T01:22:43.438678
2026-02-09,010060,0.0,0.0,0.0,2026-02-09T01:22:48.040323
2026-02-09,010100,0.0,0.0,0.0,2026-02-09T01:22:52.758766
2026-02-09,010120,0.0,0.0,0.0,2026-02-09T01:22:57.352147
2026-02-09,010130,0.0,0.0,0.0,2026-02-09T01:23:02.108307
2026-02-09,010140,0.0,0.0,0.0,2026-02-09T01:23:06.978462
2026-02-09,010170,0.0,0.0,0.0,2026-02-09T01:23:11.474298
2026-02-09,0101C0,0.0,0.0,0.0,2026-02-09T01:23:16.304414
2026-02-09,010240,0.0,0.0,0.0,2026-02-09T01:23:20.995158
2026-02-09,010280,0.0,0.0,0.0,2026-02-09T01:23:25.664527
2026-02-09,010400,0.0,0.0,0.0,2026-02-09T01:23:30.054583
2026-02-09,010470,0.0,0.0,0.0,2026-02-09T01:23:34.707740
2026-02-09,010580,0.0,0.0,0.0,2026-02-09T01:23:39.427607
2026-02-09,0105P0,0.0,0.0,0.0,2026-02-09T01:23:43.916993
2026-02-09,010640,0.0,0.0,0.0,2026-02-09T01:23:48.624515
2026-02-09,010660,0.0,0.0,0.0,2026-02-09T01:23:53.430946
2026-02-09,010690,0.0,0.0,0.0,2026-02-09T01:23:57.926169
2026-02-09,010770,0.0,0.0,0.0,2026-02-09T01:24:02.552206
2026-02-09,010780,0.0,0.0,0.0,2026-02-09T01:24:07.464990
2026-02-09,010820,0.0,0.0,0.0,2026-02-09T01:24:12.143843
2026-02-09,010950,0.0,0.0,0.0,2026-02-09T01:24:17.036922
2026-02-09,010955,0.0,0.0,0.0,2026-02-09T01:24:22.063570
2026-02-09,010960,0.0,0.0,0.0,2026-02-09T01:24:26.698583
2026-02-09,011000,0.0,0.0,0.0,2026-02-09T01:24:31.370325
2026-02-09,011040,0.0,0.0,0.0,2026-02-09T01:24:36.204272
2026-02-09,011070,0.0,0.0,0.0,2026-02-09T01:24:40.930488
2026-02-09,011080,0.0,0.0,0.0,2026-02-09T01:24:45.308795
2026-02-09,011090,0.0,0.0,0.0,2026-02-09T01:24:49.740604
2026-02-09,011150,0.0,0.0,0.0,2026-02-09T01:24:54.179863
2026-02-09,011155,0.0,0.0,0.0,2026-02-09T01:24:58.877500
2026-02-09,011170,0.0,0.0,0.0,2026-02-09T01:25:03.578062
2026-02-09,011200,0.0,0.0,0.0,2026-02-09T01:25:08.257502
2026-02-09,002620,0.0,0.0,0.0,2026-02-09T01:25:11.312702
2026-02-09,011210,0.0,0.0,0.0,2026-02-09T01:25:12.822567
2026-02-09,011230,0.0,0.0,0.0,2026-02-09T01:25:17.407840
2026-02-09,011280,0.0,0.0,0.0,2026-02-09T01:25:22.065372
2026-02-09,011300,0.0,0.0,0.0,2026-02-09T01:25:26.612642
2026-02-09,011320,0.0,0.0,0.0,2026-02-09T01:25:31.216025
2026-02-09,011330,0.0,0.0,0.0,2026-02-09T01:25:36.030325
2026-02-09,011370,0.0,0.0,0.0,2026-02-09T01:25:40.681956
2026-02-09,011390,0.0,0.0,0.0,2026-02-09T01:25:45.366894
2026-02-09,011420,0.0,0.0,0.0,2026-02-09T01:25:49.978137
2026-02-09,011500,0.0,0.0,0.0,2026-02-09T01:25:54.380750
2026-02-09,011560,0.0,0.0,0.0,2026-02-09T01:25:59.154043
2026-02-09,0115H0,0.0,0.0,0.0,2026-02-09T01:26:03.968297
2026-02-09,011690,0.0,0.0,0.0,2026-02-09T01:26:08.750578
2026-02-09,011700,0.0,0.0,0.0,2026-02-09T01:26:13.500013
2026-02-09,011780,0.0,0.0,0.0,2026-02-09T01:26:19.479225
2026-02-09,011785,0.0,0.0,0.0,2026-02-09T01:26:24.167030
2026-02-09,011790,0.0,0.0,0.0,2026-02-09T01:26:28.591612
2026-02-09,011810,0.0,0.0,0.0,2026-02-09T01:26:33.468867
2026-02-09,011930,0.0,0.0,0.0,2026-02-09T01:26:37.785260
2026-02-09,012030,0.0,0.0,0.0,2026-02-09T01:26:42.152622
2026-02-09,0120G0,0.0,0.0,0.0,2026-02-09T01:26:46.449165
2026-02-09,012160,0.0,0.0,0.0,2026-02-09T01:26:50.997825
2026-02-09,012170,0.0,0.0,0.0,2026-02-09T01:26:55.355872
2026-02-09,012200,0.0,0.0,0.0,2026-02-09T01:26:59.730331
2026-02-09,012205,0.0,0.0,0.0,2026-02-09T01:27:04.520136
2026-02-09,012210,0.0,0.0,0.0,2026-02-09T01:27:09.267981
2026-02-09,012280,0.0,0.0,0.0,2026-02-09T01:27:16.426277
2026-02-09,003030,0.0,0.0,0.0,2026-02-09T01:27:17.915196
2026-02-09,012320,0.0,0.0,0.0,2026-02-09T01:27:21.099418
2026-02-09,012330,0.0,0.0,0.0,2026-02-09T01:27:25.772225
2026-02-09,012340,0.0,0.0,0.0,2026-02-09T01:27:30.734269
2026-02-09,012450,0.0,0.0,0.0,2026-02-09T01:27:35.509782
2026-02-09,012510,0.0,0.0,0.0,2026-02-09T01:27:40.175752
2026-02-09,012610,0.0,0.0,0.0,2026-02-09T01:27:44.703124
2026-02-09,012620,0.0,0.0,0.0,2026-02-09T01:27:48.969713
2026-02-09,012630,0.0,0.0,0.0,2026-02-09T01:27:53.445416
2026-02-09,012690,0.0,0.0,0.0,2026-02-09T01:27:58.999755
2026-02-09,0126Z0,0.0,0.0,0.0,2026-02-09T01:28:03.903587
2026-02-09,012700,0.0,0.0,0.0,2026-02-09T01:28:08.586929
2026-02-09,012750,0.0,0.0,0.0,2026-02-09T01:28:13.529093
2026-02-09,012790,0.0,0.0,0.0,2026-02-09T01:28:18.141647
2026-02-09,012800,0.0,0.0,0.0,2026-02-09T01:28:22.879018
2026-02-09,012860,0.0,0.0,0.0,2026-02-09T01:28:27.282081
2026-02-09,003310,0.0,0.0,0.0,2026-02-09T01:28:31.298197
2026-02-09,013000,0.0,0.0,0.0,2026-02-09T01:28:31.613271
2026-02-09,013030,0.0,0.0,0.0,2026-02-09T01:28:36.267782
2026-02-09,013120,0.0,0.0,0.0,2026-02-09T01:28:40.595313
2026-02-09,013310,0.0,0.0,0.0,2026-02-09T01:28:45.064239
2026-02-09,013360,0.0,0.0,0.0,2026-02-09T01:28:49.573299
2026-02-09,013520,0.0,0.0,0.0,2026-02-09T01:28:54.283862
2026-02-09,013570,0.0,0.0,0.0,2026-02-09T01:28:58.612070
2026-02-09,013580,0.0,0.0,0.0,2026-02-09T01:29:03.477240
2026-02-09,013700,0.0,0.0,0.0,2026-02-09T01:29:08.019388
2026-02-09,013720,0.0,0.0,0.0,2026-02-09T01:29:13.427263
2026-02-09,013870,0.0,0.0,0.0,2026-02-09T01:29:19.562767
2026-02-09,013890,0.0,0.0,0.0,2026-02-09T01:29:24.145861
2026-02-09,013990,0.0,0.0,0.0,2026-02-09T01:29:28.602126
2026-02-09,014100,0.0,0.0,0.0,2026-02-09T01:29:33.008710
2026-02-09,014130,0.0,0.0,0.0,2026-02-09T01:29:37.758887
2026-02-09,014160,0.0,0.0,0.0,2026-02-09T01:29:42.138900
2026-02-09,014190,0.0,0.0,0.0,2026-02-09T01:29:46.704098
2026-02-09,014280,0.0,0.0,0.0,2026-02-09T01:29:51.002530
2026-02-09,014285,0.0,0.0,0.0,2026-02-09T01:29:55.281856
2026-02-09,014440,0.0,0.0,0.0,2026-02-09T01:29:59.801467
2026-02-09,003610,0.0,0.0,0.0,2026-02-09T01:30:04.714778
2026-02-09,014470,0.0,0.0,0.0,2026-02-09T01:30:04.831274
2026-02-09,014530,0.0,0.0,0.0,2026-02-09T01:30:10.004163
2026-02-09,014570,0.0,0.0,0.0,2026-02-09T01:30:14.783387
2026-02-09,014580,0.0,0.0,0.0,2026-02-09T01:30:19.902054
2026-02-09,014620,0.0,0.0,0.0,2026-02-09T01:30:24.751520
2026-02-09,014680,0.0,0.0,0.0,2026-02-09T01:30:29.610159
2026-02-09,003720,0.0,0.0,0.0,2026-02-09T01:30:34.485544
2026-02-09,014710,0.0,0.0,0.0,2026-02-09T01:30:34.591026
2026-02-09,014790,0.0,0.0,0.0,2026-02-09T01:30:39.191668
2026-02-09,014820,0.0,0.0,0.0,2026-02-09T01:30:43.564982
2026-02-09,014825,0.0,0.0,0.0,2026-02-09T01:30:48.432000
2026-02-09,014830,0.0,0.0,0.0,2026-02-09T01:30:53.354548
2026-02-09,003850,0.0,0.0,0.0,2026-02-09T01:30:57.454940
2026-02-09,014910,0.0,0.0,0.0,2026-02-09T01:30:57.778209
2026-02-09,014915,0.0,0.0,0.0,2026-02-09T01:31:02.974661
2026-02-09,014940,0.0,0.0,0.0,2026-02-09T01:31:08.168501
2026-02-09,014950,0.0,0.0,0.0,2026-02-09T01:31:12.928978
2026-02-09,014970,0.0,0.0,0.0,2026-02-09T01:31:17.825574
2026-02-09,014990,0.0,0.0,0.0,2026-02-09T01:31:22.614542
2026-02-09,015020,0.0,0.0,0.0,2026-02-09T01:31:27.298475
2026-02-09,015230,0.0,0.0,0.0,2026-02-09T01:31:31.787788
2026-02-09,015260,0.0,0.0,0.0,2026-02-09T01:31:36.666281
2026-02-09,015360,0.0,0.0,0.0,2026-02-09T01:31:41.310519
2026-02-09,015590,0.0,0.0,0.0,2026-02-09T01:31:46.070443
2026-02-09,015710,0.0,0.0,0.0,2026-02-09T01:31:50.580947
2026-02-09,015750,0.0,0.0,0.0,2026-02-09T01:31:55.400744
2026-02-09,015760,0.0,0.0,0.0,2026-02-09T01:32:00.308568
2026-02-09,015860,0.0,0.0,0.0,2026-02-09T01:32:05.599040
2026-02-09,015890,0.0,0.0,0.0,2026-02-09T01:32:10.540354
2026-02-09,016090,0.0,0.0,0.0,2026-02-09T01:32:15.311104
2026-02-09,016100,0.0,0.0,0.0,2026-02-09T01:32:19.851849
2026-02-09,016250,0.0,0.0,0.0,2026-02-09T01:32:24.509289
2026-02-09,016360,0.0,0.0,0.0,2026-02-09T01:32:29.167113
2026-02-09,016380,0.0,0.0,0.0,2026-02-09T01:32:34.001783
2026-02-09,016450,0.0,0.0,0.0,2026-02-09T01:32:38.901894
2026-02-09,016580,0.0,0.0,0.0,2026-02-09T01:32:43.667395
2026-02-09,016590,0.0,0.0,0.0,2026-02-09T01:32:48.013289
2026-02-09,016600,0.0,0.0,0.0,2026-02-09T01:32:52.583071
2026-02-09,016610,0.0,0.0,0.0,2026-02-09T01:32:57.315771
2026-02-09,016670,0.0,0.0,0.0,2026-02-09T01:33:02.636708
2026-02-09,016710,0.0,0.0,0.0,2026-02-09T01:33:07.488367
2026-02-09,016740,0.0,0.0,0.0,2026-02-09T01:33:12.238847
2026-02-09,016790,0.0,0.0,0.0,2026-02-09T01:33:16.924638
2026-02-09,016800,0.0,0.0,0.0,2026-02-09T01:33:21.835648
2026-02-09,016880,0.0,0.0,0.0,2026-02-09T01:33:26.615109
2026-02-09,016920,0.0,0.0,0.0,2026-02-09T01:33:31.882028
2026-02-09,017000,0.0,0.0,0.0,2026-02-09T01:33:36.528579
2026-02-09,017040,0.0,0.0,0.0,2026-02-09T01:33:41.491412
2026-02-09,017180,0.0,0.0,0.0,2026-02-09T01:33:46.071019
2026-02-09,017250,0.0,0.0,0.0,2026-02-09T01:33:50.755870
2026-02-09,017370,0.0,0.0,0.0,2026-02-09T01:33:55.197175
2026-02-09,017390,0.0,0.0,0.0,2026-02-09T01:33:59.667217
2026-02-09,017480,0.0,0.0,0.0,2026-02-09T01:34:04.368608
2026-02-09,017510,0.0,0.0,0.0,2026-02-09T01:34:09.376950
2026-02-09,017550,0.0,0.0,0.0,2026-02-09T01:34:14.127692
2026-02-09,017650,0.0,0.0,0.0,2026-02-09T01:34:18.882371
2026-02-09,017670,0.0,0.0,0.0,2026-02-09T01:34:23.833904
2026-02-09,017800,0.0,0.0,0.0,2026-02-09T01:34:28.990499
2026-02-09,017810,0.0,0.0,0.0,2026-02-09T01:34:33.986305
2026-02-09,004835,0.0,0.0,0.0,2026-02-09T01:34:35.262991
2026-02-09,017860,0.0,0.0,0.0,2026-02-09T01:34:38.882846
2026-02-09,017890,0.0,0.0,0.0,2026-02-09T01:34:43.611994
2026-02-09,017900,0.0,0.0,0.0,2026-02-09T01:34:48.463249
2026-02-09,017940,0.0,0.0,0.0,2026-02-09T01:34:53.065402
2026-02-09,017960,0.0,0.0,0.0,2026-02-09T01:34:57.550781
2026-02-09,018000,0.0,0.0,0.0,2026-02-09T01:35:02.779854
